INFO:     Started server process [74622]
INFO:     Waiting for application startup.
2026-03-03 00:40:47,549 - services.recommendation.main - INFO - Recommendation Service v1.3 started on port 5005
2026-03-03 00:40:47,560 - services.recommendation.db - INFO - Title sanitization: changed=0 (db_update)
2026-03-03 00:40:47,560 - services.recommendation.db - INFO - Title sanitization verification: PASS, remaining_modena_titles=0
2026-03-03 00:40:47,563 - services.recommendation.main - INFO - Database: 37 items across 3 cities
2026-03-03 00:40:47,563 - services.recommendation.main - INFO - City distribution: {'milan': 11, 'paris': 11, 'tokyo': 15}
INFO:     Application startup complete.
INFO:     Uvicorn running on http://0.0.0.0:5005 (Press CTRL+C to quit)
INFO:     127.0.0.1:62916 - "GET /health HTTP/1.1" 200 OK
INFO:     127.0.0.1:62943 - "GET /health HTTP/1.1" 200 OK
2026-03-03 00:41:02,779 - services.recommendation.main - INFO - [t_cb7dd57c] POST /score - user_id=u001, city=tokyo, tags=['ramen', 'food'], intent=balanced, memory_confidence=0.7
2026-03-03 00:41:02,779 - services.recommendation.main - INFO - [t_cb7dd57c] Stage 1: Recall (CZ city-only, EZ global)
2026-03-03 00:41:02,788 - services.recommendation.db - INFO - Loaded 15 items for city: tokyo
2026-03-03 00:41:02,788 - services.recommendation.db - INFO - Title sanitization: changed=0 (city=tokyo)
2026-03-03 00:41:02,788 - services.recommendation.recall - INFO - Recall: CZ=15 (city-only), EZ=13 (city-only, excellence >= 0.8)
2026-03-03 00:41:02,788 - services.recommendation.main - INFO - [t_cb7dd57c] Recall: CZ=15 (city-only), EZ=13 (global)
2026-03-03 00:41:02,788 - services.recommendation.main - INFO - [t_cb7dd57c] Stage 2: Rerank (v1.3)
2026-03-03 00:41:02,832 - services.recommendation.rerank - INFO - Rerank: 10 CZ items (filtered 15 → 15), 0 EZ items
2026-03-03 00:41:02,832 - services.recommendation.rerank - INFO - Top 5 CZ memory_influence: [1.1741, 1.1693, 1.1648, 1.1633, 1.1936]
2026-03-03 00:41:02,832 - services.recommendation.main - INFO - [t_cb7dd57c] Rerank: 10 CZ, 0 EZ
2026-03-03 00:41:02,832 - services.recommendation.mix_policy - INFO - Mix policy: 3 CZ + 0 EZ (ratio=3:0, rule=only_cz_available, delta=inf, intent=balanced, mem_conf=0.70)
2026-03-03 00:41:02,832 - services.recommendation.main - INFO - [t_cb7dd57c] Mix policy: only_cz_available (ratio=3:0, conf=1.00)
2026-03-03 00:41:02,832 - services.recommendation.main - INFO - [t_cb7dd57c] Non-finite response fields sanitized count=3 sample=['mix_policy.inputs_used.delta', 'mix_policy.delta', 'decision_trace.mix_policy.components.delta']
2026-03-03 00:41:02,832 - services.recommendation.main - INFO - [t_cb7dd57c] Response ready
INFO:     127.0.0.1:62964 - "POST /score HTTP/1.1" 200 OK
2026-03-03 00:41:02,915 - services.recommendation.main - INFO - [t_3abdcd27] POST /score - user_id=u001, city=tokyo, tags=['ramen'], intent=None, memory_confidence=None
2026-03-03 00:41:02,915 - services.recommendation.main - INFO - [t_3abdcd27] Stage 1: Recall (CZ city-only, EZ global)
2026-03-03 00:41:02,918 - services.recommendation.db - INFO - Loaded 15 items for city: tokyo
2026-03-03 00:41:02,918 - services.recommendation.db - INFO - Title sanitization: changed=0 (city=tokyo)
2026-03-03 00:41:02,918 - services.recommendation.recall - INFO - Recall: CZ=15 (city-only), EZ=13 (city-only, excellence >= 0.8)
2026-03-03 00:41:02,918 - services.recommendation.main - INFO - [t_3abdcd27] Recall: CZ=15 (city-only), EZ=13 (global)
2026-03-03 00:41:02,918 - services.recommendation.main - INFO - [t_3abdcd27] Stage 2: Rerank (v1.3)
2026-03-03 00:41:02,958 - services.recommendation.rerank - INFO - Rerank: 10 CZ items (filtered 15 → 15), 0 EZ items
2026-03-03 00:41:02,958 - services.recommendation.rerank - INFO - Top 5 CZ memory_influence: [1.1871, 1.1859, 1.1851, 1.1933, 1.1693]
2026-03-03 00:41:02,958 - services.recommendation.main - INFO - [t_3abdcd27] Rerank: 10 CZ, 0 EZ
2026-03-03 00:41:02,958 - services.recommendation.mix_policy - INFO - Mix policy: 3 CZ + 0 EZ (ratio=3:0, rule=only_cz_available, delta=inf, intent=balanced, mem_conf=0.50)
2026-03-03 00:41:02,958 - services.recommendation.main - INFO - [t_3abdcd27] Mix policy: only_cz_available (ratio=3:0, conf=1.00)
2026-03-03 00:41:02,958 - services.recommendation.main - INFO - [t_3abdcd27] Non-finite response fields sanitized count=3 sample=['mix_policy.inputs_used.delta', 'mix_policy.delta', 'decision_trace.mix_policy.components.delta']
2026-03-03 00:41:02,958 - services.recommendation.main - INFO - [t_3abdcd27] Response ready
INFO:     127.0.0.1:63000 - "POST /score HTTP/1.1" 200 OK
2026-03-03 00:41:06,001 - services.recommendation.main - INFO - [t_b63b3dbd] POST /score - user_id=u001, city=tokyo, tags=['izakaya', 'ramen', 'street_food', 'sushi'], intent=balanced, memory_confidence=0.0
2026-03-03 00:41:06,001 - services.recommendation.main - INFO - [t_b63b3dbd] Stage 1: Recall (CZ city-only, EZ global)
2026-03-03 00:41:06,004 - services.recommendation.db - INFO - Loaded 15 items for city: tokyo
2026-03-03 00:41:06,004 - services.recommendation.db - INFO - Title sanitization: changed=0 (city=tokyo)
2026-03-03 00:41:06,004 - services.recommendation.recall - INFO - Recall: CZ=15 (city-only), EZ=13 (city-only, excellence >= 0.8)
2026-03-03 00:41:06,004 - services.recommendation.main - INFO - [t_b63b3dbd] Recall: CZ=15 (city-only), EZ=13 (global)
2026-03-03 00:41:06,004 - services.recommendation.main - INFO - [t_b63b3dbd] Stage 2: Rerank (v1.3)
2026-03-03 00:41:06,053 - services.recommendation.rerank - INFO - Rerank: 10 CZ items (filtered 15 → 15), 0 EZ items
2026-03-03 00:41:06,053 - services.recommendation.rerank - INFO - Top 5 CZ memory_influence: [1.1759, 1.163, 1.1627, 1.1619, 1.1597]
2026-03-03 00:41:06,053 - services.recommendation.main - INFO - [t_b63b3dbd] Rerank: 10 CZ, 0 EZ
2026-03-03 00:41:06,053 - services.recommendation.mix_policy - INFO - Mix policy: 3 CZ + 0 EZ (ratio=3:0, rule=only_cz_available, delta=inf, intent=balanced, mem_conf=0.00)
2026-03-03 00:41:06,053 - services.recommendation.main - INFO - [t_b63b3dbd] Mix policy: only_cz_available (ratio=3:0, conf=1.00)
2026-03-03 00:41:06,053 - services.recommendation.main - INFO - [t_b63b3dbd] Non-finite response fields sanitized count=3 sample=['mix_policy.inputs_used.delta', 'mix_policy.delta', 'decision_trace.mix_policy.components.delta']
2026-03-03 00:41:06,053 - services.recommendation.main - INFO - [t_b63b3dbd] Response ready
INFO:     127.0.0.1:62964 - "POST /score HTTP/1.1" 200 OK
2026-03-03 00:41:06,150 - services.recommendation.main - INFO - [t_02da67d1] POST /score - user_id=u001, city=tokyo, tags=['food', 'ramen'], intent=None, memory_confidence=None
2026-03-03 00:41:06,150 - services.recommendation.main - INFO - [t_02da67d1] Stage 1: Recall (CZ city-only, EZ global)
2026-03-03 00:41:06,152 - services.recommendation.db - INFO - Loaded 15 items for city: tokyo
2026-03-03 00:41:06,152 - services.recommendation.db - INFO - Title sanitization: changed=0 (city=tokyo)
2026-03-03 00:41:06,152 - services.recommendation.recall - INFO - Recall: CZ=15 (city-only), EZ=13 (city-only, excellence >= 0.8)
2026-03-03 00:41:06,152 - services.recommendation.main - INFO - [t_02da67d1] Recall: CZ=15 (city-only), EZ=13 (global)
2026-03-03 00:41:06,152 - services.recommendation.main - INFO - [t_02da67d1] Stage 2: Rerank (v1.3)
2026-03-03 00:41:06,190 - services.recommendation.rerank - INFO - Rerank: 10 CZ items (filtered 15 → 15), 0 EZ items
2026-03-03 00:41:06,190 - services.recommendation.rerank - INFO - Top 5 CZ memory_influence: [1.1741, 1.1693, 1.1648, 1.1633, 1.1936]
2026-03-03 00:41:06,190 - services.recommendation.main - INFO - [t_02da67d1] Rerank: 10 CZ, 0 EZ
2026-03-03 00:41:06,190 - services.recommendation.mix_policy - INFO - Mix policy: 3 CZ + 0 EZ (ratio=3:0, rule=only_cz_available, delta=inf, intent=balanced, mem_conf=0.50)
2026-03-03 00:41:06,190 - services.recommendation.main - INFO - [t_02da67d1] Mix policy: only_cz_available (ratio=3:0, conf=1.00)
2026-03-03 00:41:06,191 - services.recommendation.main - INFO - [t_02da67d1] Non-finite response fields sanitized count=3 sample=['mix_policy.inputs_used.delta', 'mix_policy.delta', 'decision_trace.mix_policy.components.delta']
2026-03-03 00:41:06,191 - services.recommendation.main - INFO - [t_02da67d1] Response ready
INFO:     127.0.0.1:63070 - "POST /score HTTP/1.1" 200 OK
2026-03-03 00:41:14,797 - services.recommendation.main - INFO - [t_fb3000f3] POST /score - user_id=u001, city=tokyo, tags=['izakaya', 'ramen', 'street_food', 'sushi'], intent=balanced, memory_confidence=0.0
2026-03-03 00:41:14,797 - services.recommendation.main - INFO - [t_fb3000f3] Stage 1: Recall (CZ city-only, EZ global)
2026-03-03 00:41:14,801 - services.recommendation.db - INFO - Loaded 15 items for city: tokyo
2026-03-03 00:41:14,801 - services.recommendation.db - INFO - Title sanitization: changed=0 (city=tokyo)
2026-03-03 00:41:14,801 - services.recommendation.recall - INFO - Recall: CZ=15 (city-only), EZ=13 (city-only, excellence >= 0.8)
2026-03-03 00:41:14,801 - services.recommendation.main - INFO - [t_fb3000f3] Recall: CZ=15 (city-only), EZ=13 (global)
2026-03-03 00:41:14,801 - services.recommendation.main - INFO - [t_fb3000f3] Stage 2: Rerank (v1.3)
2026-03-03 00:41:14,853 - services.recommendation.rerank - INFO - Rerank: 10 CZ items (filtered 15 → 15), 0 EZ items
2026-03-03 00:41:14,853 - services.recommendation.rerank - INFO - Top 5 CZ memory_influence: [1.1759, 1.163, 1.1627, 1.1619, 1.1597]
2026-03-03 00:41:14,853 - services.recommendation.main - INFO - [t_fb3000f3] Rerank: 10 CZ, 0 EZ
2026-03-03 00:41:14,853 - services.recommendation.mix_policy - INFO - Mix policy: 3 CZ + 0 EZ (ratio=3:0, rule=only_cz_available, delta=inf, intent=balanced, mem_conf=0.00)
2026-03-03 00:41:14,853 - services.recommendation.main - INFO - [t_fb3000f3] Mix policy: only_cz_available (ratio=3:0, conf=1.00)
2026-03-03 00:41:14,853 - services.recommendation.main - INFO - [t_fb3000f3] Non-finite response fields sanitized count=3 sample=['mix_policy.inputs_used.delta', 'mix_policy.delta', 'decision_trace.mix_policy.components.delta']
2026-03-03 00:41:14,853 - services.recommendation.main - INFO - [t_fb3000f3] Response ready
INFO:     127.0.0.1:63121 - "POST /score HTTP/1.1" 200 OK
2026-03-03 00:41:14,944 - services.recommendation.main - INFO - [t_57d71c25] POST /score - user_id=u001, city=tokyo, tags=['food', 'ramen'], intent=None, memory_confidence=None
2026-03-03 00:41:14,944 - services.recommendation.main - INFO - [t_57d71c25] Stage 1: Recall (CZ city-only, EZ global)
2026-03-03 00:41:14,946 - services.recommendation.db - INFO - Loaded 15 items for city: tokyo
2026-03-03 00:41:14,946 - services.recommendation.db - INFO - Title sanitization: changed=0 (city=tokyo)
2026-03-03 00:41:14,946 - services.recommendation.recall - INFO - Recall: CZ=15 (city-only), EZ=13 (city-only, excellence >= 0.8)
2026-03-03 00:41:14,946 - services.recommendation.main - INFO - [t_57d71c25] Recall: CZ=15 (city-only), EZ=13 (global)
2026-03-03 00:41:14,946 - services.recommendation.main - INFO - [t_57d71c25] Stage 2: Rerank (v1.3)
2026-03-03 00:41:14,985 - services.recommendation.rerank - INFO - Rerank: 10 CZ items (filtered 15 → 15), 0 EZ items
2026-03-03 00:41:14,986 - services.recommendation.rerank - INFO - Top 5 CZ memory_influence: [1.1741, 1.1693, 1.1648, 1.1633, 1.1936]
2026-03-03 00:41:14,986 - services.recommendation.main - INFO - [t_57d71c25] Rerank: 10 CZ, 0 EZ
2026-03-03 00:41:14,986 - services.recommendation.mix_policy - INFO - Mix policy: 3 CZ + 0 EZ (ratio=3:0, rule=only_cz_available, delta=inf, intent=balanced, mem_conf=0.50)
2026-03-03 00:41:14,986 - services.recommendation.main - INFO - [t_57d71c25] Mix policy: only_cz_available (ratio=3:0, conf=1.00)
2026-03-03 00:41:14,986 - services.recommendation.main - INFO - [t_57d71c25] Non-finite response fields sanitized count=3 sample=['mix_policy.inputs_used.delta', 'mix_policy.delta', 'decision_trace.mix_policy.components.delta']
2026-03-03 00:41:14,986 - services.recommendation.main - INFO - [t_57d71c25] Response ready
INFO:     127.0.0.1:63154 - "POST /score HTTP/1.1" 200 OK
2026-03-03 00:41:18,197 - services.recommendation.main - INFO - [t_2faa687e] POST /score - user_id=u001, city=tokyo, tags=['ramen', 'izakaya'], intent=casual, memory_confidence=0.5
2026-03-03 00:41:18,197 - services.recommendation.main - INFO - [t_2faa687e] Stage 1: Recall (CZ city-only, EZ global)
2026-03-03 00:41:18,202 - services.recommendation.db - INFO - Loaded 15 items for city: tokyo
2026-03-03 00:41:18,202 - services.recommendation.db - INFO - Title sanitization: changed=0 (city=tokyo)
2026-03-03 00:41:18,202 - services.recommendation.recall - INFO - Recall: CZ=15 (city-only), EZ=13 (city-only, excellence >= 0.8)
2026-03-03 00:41:18,202 - services.recommendation.main - INFO - [t_2faa687e] Recall: CZ=15 (city-only), EZ=13 (global)
2026-03-03 00:41:18,202 - services.recommendation.main - INFO - [t_2faa687e] Stage 2: Rerank (v1.3)
2026-03-03 00:41:18,246 - services.recommendation.rerank - INFO - Rerank: 10 CZ items (filtered 15 → 15), 0 EZ items
2026-03-03 00:41:18,246 - services.recommendation.rerank - INFO - Top 5 CZ memory_influence: [1.1744, 1.1735, 1.1735, 1.1723, 1.2005]
2026-03-03 00:41:18,246 - services.recommendation.main - INFO - [t_2faa687e] Rerank: 10 CZ, 0 EZ
2026-03-03 00:41:18,246 - services.recommendation.mix_policy - INFO - Mix policy: 3 CZ + 0 EZ (ratio=3:0, rule=only_cz_available, delta=inf, intent=balanced, mem_conf=0.50)
2026-03-03 00:41:18,246 - services.recommendation.main - INFO - [t_2faa687e] Mix policy: only_cz_available (ratio=3:0, conf=1.00)
2026-03-03 00:41:18,246 - services.recommendation.main - INFO - [t_2faa687e] Non-finite response fields sanitized count=3 sample=['mix_policy.inputs_used.delta', 'mix_policy.delta', 'decision_trace.mix_policy.components.delta']
2026-03-03 00:41:18,246 - services.recommendation.main - INFO - [t_2faa687e] Response ready
INFO:     127.0.0.1:63121 - "POST /score HTTP/1.1" 200 OK
2026-03-03 00:41:21,322 - services.recommendation.main - INFO - [t_d6957916] POST /score - user_id=u001, city=tokyo, tags=['ramen', 'sushi'], intent=balanced, memory_confidence=0.0
2026-03-03 00:41:21,322 - services.recommendation.main - INFO - [t_d6957916] Stage 1: Recall (CZ city-only, EZ global)
2026-03-03 00:41:21,324 - services.recommendation.db - INFO - Loaded 15 items for city: tokyo
2026-03-03 00:41:21,324 - services.recommendation.db - INFO - Title sanitization: changed=0 (city=tokyo)
2026-03-03 00:41:21,325 - services.recommendation.recall - INFO - Recall: CZ=15 (city-only), EZ=13 (city-only, excellence >= 0.8)
2026-03-03 00:41:21,325 - services.recommendation.main - INFO - [t_d6957916] Recall: CZ=15 (city-only), EZ=13 (global)
2026-03-03 00:41:21,325 - services.recommendation.main - INFO - [t_d6957916] Stage 2: Rerank (v1.3)
2026-03-03 00:41:21,372 - services.recommendation.rerank - INFO - Rerank: 10 CZ items (filtered 15 → 15), 0 EZ items
2026-03-03 00:41:21,372 - services.recommendation.rerank - INFO - Top 5 CZ memory_influence: [1.179, 1.1718, 1.1716, 1.1662, 1.1963]
2026-03-03 00:41:21,372 - services.recommendation.main - INFO - [t_d6957916] Rerank: 10 CZ, 0 EZ
2026-03-03 00:41:21,372 - services.recommendation.mix_policy - INFO - Mix policy: 3 CZ + 0 EZ (ratio=3:0, rule=only_cz_available, delta=inf, intent=balanced, mem_conf=0.00)
2026-03-03 00:41:21,372 - services.recommendation.main - INFO - [t_d6957916] Mix policy: only_cz_available (ratio=3:0, conf=1.00)
2026-03-03 00:41:21,372 - services.recommendation.main - INFO - [t_d6957916] Non-finite response fields sanitized count=3 sample=['mix_policy.inputs_used.delta', 'mix_policy.delta', 'decision_trace.mix_policy.components.delta']
2026-03-03 00:41:21,372 - services.recommendation.main - INFO - [t_d6957916] Response ready
INFO:     127.0.0.1:63121 - "POST /score HTTP/1.1" 200 OK
2026-03-03 00:41:21,462 - services.recommendation.main - INFO - [t_8be7e602] POST /score - user_id=u001, city=tokyo, tags=['ramen'], intent=None, memory_confidence=None
2026-03-03 00:41:21,462 - services.recommendation.main - INFO - [t_8be7e602] Stage 1: Recall (CZ city-only, EZ global)
2026-03-03 00:41:21,465 - services.recommendation.db - INFO - Loaded 15 items for city: tokyo
2026-03-03 00:41:21,465 - services.recommendation.db - INFO - Title sanitization: changed=0 (city=tokyo)
2026-03-03 00:41:21,465 - services.recommendation.recall - INFO - Recall: CZ=15 (city-only), EZ=13 (city-only, excellence >= 0.8)
2026-03-03 00:41:21,465 - services.recommendation.main - INFO - [t_8be7e602] Recall: CZ=15 (city-only), EZ=13 (global)
2026-03-03 00:41:21,465 - services.recommendation.main - INFO - [t_8be7e602] Stage 2: Rerank (v1.3)
2026-03-03 00:41:21,501 - services.recommendation.rerank - INFO - Rerank: 10 CZ items (filtered 15 → 15), 0 EZ items
2026-03-03 00:41:21,501 - services.recommendation.rerank - INFO - Top 5 CZ memory_influence: [1.1871, 1.1859, 1.1851, 1.1933, 1.1693]
2026-03-03 00:41:21,501 - services.recommendation.main - INFO - [t_8be7e602] Rerank: 10 CZ, 0 EZ
2026-03-03 00:41:21,501 - services.recommendation.mix_policy - INFO - Mix policy: 3 CZ + 0 EZ (ratio=3:0, rule=only_cz_available, delta=inf, intent=balanced, mem_conf=0.50)
2026-03-03 00:41:21,501 - services.recommendation.main - INFO - [t_8be7e602] Mix policy: only_cz_available (ratio=3:0, conf=1.00)
2026-03-03 00:41:21,501 - services.recommendation.main - INFO - [t_8be7e602] Non-finite response fields sanitized count=3 sample=['mix_policy.inputs_used.delta', 'mix_policy.delta', 'decision_trace.mix_policy.components.delta']
2026-03-03 00:41:21,501 - services.recommendation.main - INFO - [t_8be7e602] Response ready
INFO:     127.0.0.1:63261 - "POST /score HTTP/1.1" 200 OK
2026-03-03 00:41:28,426 - services.recommendation.main - INFO - [t_b10bbd0c] POST /score - user_id=u001, city=tokyo, tags=['ramen'], intent=balanced, memory_confidence=0.0
2026-03-03 00:41:28,426 - services.recommendation.main - INFO - [t_b10bbd0c] Stage 1: Recall (CZ city-only, EZ global)
2026-03-03 00:41:28,429 - services.recommendation.db - INFO - Loaded 15 items for city: tokyo
2026-03-03 00:41:28,429 - services.recommendation.db - INFO - Title sanitization: changed=0 (city=tokyo)
2026-03-03 00:41:28,429 - services.recommendation.recall - INFO - Recall: CZ=15 (city-only), EZ=13 (city-only, excellence >= 0.8)
2026-03-03 00:41:28,429 - services.recommendation.main - INFO - [t_b10bbd0c] Recall: CZ=15 (city-only), EZ=13 (global)
2026-03-03 00:41:28,429 - services.recommendation.main - INFO - [t_b10bbd0c] Stage 2: Rerank (v1.3)
2026-03-03 00:41:28,471 - services.recommendation.rerank - INFO - Rerank: 10 CZ items (filtered 15 → 15), 0 EZ items
2026-03-03 00:41:28,471 - services.recommendation.rerank - INFO - Top 5 CZ memory_influence: [1.1871, 1.1859, 1.1851, 1.1933, 1.1693]
2026-03-03 00:41:28,471 - services.recommendation.main - INFO - [t_b10bbd0c] Rerank: 10 CZ, 0 EZ
2026-03-03 00:41:28,471 - services.recommendation.mix_policy - INFO - Mix policy: 3 CZ + 0 EZ (ratio=3:0, rule=only_cz_available, delta=inf, intent=balanced, mem_conf=0.00)
2026-03-03 00:41:28,471 - services.recommendation.main - INFO - [t_b10bbd0c] Mix policy: only_cz_available (ratio=3:0, conf=1.00)
2026-03-03 00:41:28,471 - services.recommendation.main - INFO - [t_b10bbd0c] Non-finite response fields sanitized count=3 sample=['mix_policy.inputs_used.delta', 'mix_policy.delta', 'decision_trace.mix_policy.components.delta']
2026-03-03 00:41:28,471 - services.recommendation.main - INFO - [t_b10bbd0c] Response ready
INFO:     127.0.0.1:63311 - "POST /score HTTP/1.1" 200 OK
2026-03-03 00:41:28,555 - services.recommendation.main - INFO - [t_48fc314d] POST /score - user_id=u001, city=tokyo, tags=['ramen'], intent=None, memory_confidence=None
2026-03-03 00:41:28,555 - services.recommendation.main - INFO - [t_48fc314d] Stage 1: Recall (CZ city-only, EZ global)
2026-03-03 00:41:28,557 - services.recommendation.db - INFO - Loaded 15 items for city: tokyo
2026-03-03 00:41:28,557 - services.recommendation.db - INFO - Title sanitization: changed=0 (city=tokyo)
2026-03-03 00:41:28,557 - services.recommendation.recall - INFO - Recall: CZ=15 (city-only), EZ=13 (city-only, excellence >= 0.8)
2026-03-03 00:41:28,557 - services.recommendation.main - INFO - [t_48fc314d] Recall: CZ=15 (city-only), EZ=13 (global)
2026-03-03 00:41:28,557 - services.recommendation.main - INFO - [t_48fc314d] Stage 2: Rerank (v1.3)
2026-03-03 00:41:28,592 - services.recommendation.rerank - INFO - Rerank: 10 CZ items (filtered 15 → 15), 0 EZ items
2026-03-03 00:41:28,592 - services.recommendation.rerank - INFO - Top 5 CZ memory_influence: [1.1871, 1.1859, 1.1851, 1.1933, 1.1693]
2026-03-03 00:41:28,592 - services.recommendation.main - INFO - [t_48fc314d] Rerank: 10 CZ, 0 EZ
2026-03-03 00:41:28,592 - services.recommendation.mix_policy - INFO - Mix policy: 3 CZ + 0 EZ (ratio=3:0, rule=only_cz_available, delta=inf, intent=balanced, mem_conf=0.50)
2026-03-03 00:41:28,593 - services.recommendation.main - INFO - [t_48fc314d] Mix policy: only_cz_available (ratio=3:0, conf=1.00)
2026-03-03 00:41:28,593 - services.recommendation.main - INFO - [t_48fc314d] Non-finite response fields sanitized count=3 sample=['mix_policy.inputs_used.delta', 'mix_policy.delta', 'decision_trace.mix_policy.components.delta']
2026-03-03 00:41:28,593 - services.recommendation.main - INFO - [t_48fc314d] Response ready
INFO:     127.0.0.1:63344 - "POST /score HTTP/1.1" 200 OK
2026-03-03 00:56:04,966 - services.recommendation.main - INFO - [t_e9817366] POST /score - user_id=step5_demo_user, city=tokyo, tags=['ramen', 'street_food'], intent=balanced, memory_confidence=0.0
2026-03-03 00:56:04,966 - services.recommendation.main - INFO - [t_e9817366] Stage 1: Recall (CZ city-only, EZ global)
2026-03-03 00:56:04,977 - services.recommendation.db - INFO - Loaded 15 items for city: tokyo
2026-03-03 00:56:04,977 - services.recommendation.db - INFO - Title sanitization: changed=0 (city=tokyo)
2026-03-03 00:56:04,977 - services.recommendation.recall - INFO - Recall: CZ=15 (city-only), EZ=13 (city-only, excellence >= 0.8)
2026-03-03 00:56:04,977 - services.recommendation.main - INFO - [t_e9817366] Recall: CZ=15 (city-only), EZ=13 (global)
2026-03-03 00:56:04,977 - services.recommendation.main - INFO - [t_e9817366] Stage 2: Rerank (v1.3)
2026-03-03 00:56:05,017 - services.recommendation.rerank - INFO - Rerank: 10 CZ items (filtered 15 → 15), 0 EZ items
2026-03-03 00:56:05,017 - services.recommendation.rerank - INFO - Top 5 CZ memory_influence: [1.1722, 1.1717, 1.1679, 1.1981, 1.1671]
2026-03-03 00:56:05,017 - services.recommendation.main - INFO - [t_e9817366] Rerank: 10 CZ, 0 EZ
2026-03-03 00:56:05,017 - services.recommendation.mix_policy - INFO - Mix policy: 3 CZ + 0 EZ (ratio=3:0, rule=only_cz_available, delta=inf, intent=balanced, mem_conf=0.00)
2026-03-03 00:56:05,017 - services.recommendation.main - INFO - [t_e9817366] Mix policy: only_cz_available (ratio=3:0, conf=1.00)
2026-03-03 00:56:05,017 - services.recommendation.main - INFO - [t_e9817366] Non-finite response fields sanitized count=3 sample=['mix_policy.inputs_used.delta', 'mix_policy.delta', 'decision_trace.mix_policy.components.delta']
2026-03-03 00:56:05,017 - services.recommendation.main - INFO - [t_e9817366] Response ready
INFO:     127.0.0.1:63599 - "POST /score HTTP/1.1" 200 OK
2026-03-03 00:56:05,105 - services.recommendation.main - INFO - [t_4a2123b8] POST /score - user_id=step5_demo_user, city=tokyo, tags=['ramen'], intent=None, memory_confidence=None
2026-03-03 00:56:05,105 - services.recommendation.main - INFO - [t_4a2123b8] Stage 1: Recall (CZ city-only, EZ global)
2026-03-03 00:56:05,107 - services.recommendation.db - INFO - Loaded 15 items for city: tokyo
2026-03-03 00:56:05,107 - services.recommendation.db - INFO - Title sanitization: changed=0 (city=tokyo)
2026-03-03 00:56:05,107 - services.recommendation.recall - INFO - Recall: CZ=15 (city-only), EZ=13 (city-only, excellence >= 0.8)
2026-03-03 00:56:05,107 - services.recommendation.main - INFO - [t_4a2123b8] Recall: CZ=15 (city-only), EZ=13 (global)
2026-03-03 00:56:05,107 - services.recommendation.main - INFO - [t_4a2123b8] Stage 2: Rerank (v1.3)
2026-03-03 00:56:05,135 - services.recommendation.rerank - INFO - Rerank: 10 CZ items (filtered 15 → 15), 0 EZ items
2026-03-03 00:56:05,135 - services.recommendation.rerank - INFO - Top 5 CZ memory_influence: [1.1871, 1.1859, 1.1851, 1.1933, 1.1693]
2026-03-03 00:56:05,135 - services.recommendation.main - INFO - [t_4a2123b8] Rerank: 10 CZ, 0 EZ
2026-03-03 00:56:05,135 - services.recommendation.mix_policy - INFO - Mix policy: 3 CZ + 0 EZ (ratio=3:0, rule=only_cz_available, delta=inf, intent=balanced, mem_conf=0.50)
2026-03-03 00:56:05,135 - services.recommendation.main - INFO - [t_4a2123b8] Mix policy: only_cz_available (ratio=3:0, conf=1.00)
2026-03-03 00:56:05,135 - services.recommendation.main - INFO - [t_4a2123b8] Non-finite response fields sanitized count=3 sample=['mix_policy.inputs_used.delta', 'mix_policy.delta', 'decision_trace.mix_policy.components.delta']
2026-03-03 00:56:05,135 - services.recommendation.main - INFO - [t_4a2123b8] Response ready
INFO:     127.0.0.1:63632 - "POST /score HTTP/1.1" 200 OK
2026-03-03 00:56:11,810 - services.recommendation.main - INFO - [t_e8a3fa74] POST /score - user_id=step5_demo_user, city=tokyo, tags=['ramen', 'street_food'], intent=balanced, memory_confidence=0.0
2026-03-03 00:56:11,810 - services.recommendation.main - INFO - [t_e8a3fa74] Stage 1: Recall (CZ city-only, EZ global)
2026-03-03 00:56:11,813 - services.recommendation.db - INFO - Loaded 15 items for city: tokyo
2026-03-03 00:56:11,813 - services.recommendation.db - INFO - Title sanitization: changed=0 (city=tokyo)
2026-03-03 00:56:11,813 - services.recommendation.recall - INFO - Recall: CZ=15 (city-only), EZ=13 (city-only, excellence >= 0.8)
2026-03-03 00:56:11,813 - services.recommendation.main - INFO - [t_e8a3fa74] Recall: CZ=15 (city-only), EZ=13 (global)
2026-03-03 00:56:11,813 - services.recommendation.main - INFO - [t_e8a3fa74] Stage 2: Rerank (v1.3)
2026-03-03 00:56:11,860 - services.recommendation.rerank - INFO - Rerank: 10 CZ items (filtered 15 → 15), 0 EZ items
2026-03-03 00:56:11,860 - services.recommendation.rerank - INFO - Top 5 CZ memory_influence: [1.1722, 1.1717, 1.1679, 1.1981, 1.1671]
2026-03-03 00:56:11,860 - services.recommendation.main - INFO - [t_e8a3fa74] Rerank: 10 CZ, 0 EZ
2026-03-03 00:56:11,860 - services.recommendation.mix_policy - INFO - Mix policy: 3 CZ + 0 EZ (ratio=3:0, rule=only_cz_available, delta=inf, intent=balanced, mem_conf=0.00)
2026-03-03 00:56:11,860 - services.recommendation.main - INFO - [t_e8a3fa74] Mix policy: only_cz_available (ratio=3:0, conf=1.00)
2026-03-03 00:56:11,860 - services.recommendation.main - INFO - [t_e8a3fa74] Non-finite response fields sanitized count=3 sample=['mix_policy.inputs_used.delta', 'mix_policy.delta', 'decision_trace.mix_policy.components.delta']
2026-03-03 00:56:11,860 - services.recommendation.main - INFO - [t_e8a3fa74] Response ready
INFO:     127.0.0.1:63676 - "POST /score HTTP/1.1" 200 OK
2026-03-03 00:56:11,949 - services.recommendation.main - INFO - [t_0fb4d76c] POST /score - user_id=step5_demo_user, city=tokyo, tags=['ramen'], intent=None, memory_confidence=None
2026-03-03 00:56:11,949 - services.recommendation.main - INFO - [t_0fb4d76c] Stage 1: Recall (CZ city-only, EZ global)
2026-03-03 00:56:11,950 - services.recommendation.db - INFO - Loaded 15 items for city: tokyo
2026-03-03 00:56:11,950 - services.recommendation.db - INFO - Title sanitization: changed=0 (city=tokyo)
2026-03-03 00:56:11,950 - services.recommendation.recall - INFO - Recall: CZ=15 (city-only), EZ=13 (city-only, excellence >= 0.8)
2026-03-03 00:56:11,950 - services.recommendation.main - INFO - [t_0fb4d76c] Recall: CZ=15 (city-only), EZ=13 (global)
2026-03-03 00:56:11,950 - services.recommendation.main - INFO - [t_0fb4d76c] Stage 2: Rerank (v1.3)
2026-03-03 00:56:11,985 - services.recommendation.rerank - INFO - Rerank: 10 CZ items (filtered 15 → 15), 0 EZ items
2026-03-03 00:56:11,985 - services.recommendation.rerank - INFO - Top 5 CZ memory_influence: [1.1871, 1.1859, 1.1851, 1.1933, 1.1693]
2026-03-03 00:56:11,985 - services.recommendation.main - INFO - [t_0fb4d76c] Rerank: 10 CZ, 0 EZ
2026-03-03 00:56:11,985 - services.recommendation.mix_policy - INFO - Mix policy: 3 CZ + 0 EZ (ratio=3:0, rule=only_cz_available, delta=inf, intent=balanced, mem_conf=0.50)
2026-03-03 00:56:11,985 - services.recommendation.main - INFO - [t_0fb4d76c] Mix policy: only_cz_available (ratio=3:0, conf=1.00)
2026-03-03 00:56:11,986 - services.recommendation.main - INFO - [t_0fb4d76c] Non-finite response fields sanitized count=3 sample=['mix_policy.inputs_used.delta', 'mix_policy.delta', 'decision_trace.mix_policy.components.delta']
2026-03-03 00:56:11,986 - services.recommendation.main - INFO - [t_0fb4d76c] Response ready
INFO:     127.0.0.1:63709 - "POST /score HTTP/1.1" 200 OK
2026-03-03 00:56:19,580 - services.recommendation.main - INFO - [t_d31bc5a9] POST /score - user_id=step5_demo_user, city=tokyo, tags=['ramen'], intent=balanced, memory_confidence=0.0
2026-03-03 00:56:19,580 - services.recommendation.main - INFO - [t_d31bc5a9] Stage 1: Recall (CZ city-only, EZ global)
2026-03-03 00:56:19,583 - services.recommendation.db - INFO - Loaded 15 items for city: tokyo
2026-03-03 00:56:19,583 - services.recommendation.db - INFO - Title sanitization: changed=0 (city=tokyo)
2026-03-03 00:56:19,584 - services.recommendation.recall - INFO - Recall: CZ=15 (city-only), EZ=13 (city-only, excellence >= 0.8)
2026-03-03 00:56:19,584 - services.recommendation.main - INFO - [t_d31bc5a9] Recall: CZ=15 (city-only), EZ=13 (global)
2026-03-03 00:56:19,584 - services.recommendation.main - INFO - [t_d31bc5a9] Stage 2: Rerank (v1.3)
2026-03-03 00:56:19,626 - services.recommendation.rerank - INFO - Rerank: 10 CZ items (filtered 15 → 15), 0 EZ items
2026-03-03 00:56:19,626 - services.recommendation.rerank - INFO - Top 5 CZ memory_influence: [1.1871, 1.1859, 1.1851, 1.1933, 1.1693]
2026-03-03 00:56:19,626 - services.recommendation.main - INFO - [t_d31bc5a9] Rerank: 10 CZ, 0 EZ
2026-03-03 00:56:19,626 - services.recommendation.mix_policy - INFO - Mix policy: 3 CZ + 0 EZ (ratio=3:0, rule=only_cz_available, delta=inf, intent=balanced, mem_conf=0.00)
2026-03-03 00:56:19,626 - services.recommendation.main - INFO - [t_d31bc5a9] Mix policy: only_cz_available (ratio=3:0, conf=1.00)
2026-03-03 00:56:19,626 - services.recommendation.main - INFO - [t_d31bc5a9] Non-finite response fields sanitized count=3 sample=['mix_policy.inputs_used.delta', 'mix_policy.delta', 'decision_trace.mix_policy.components.delta']
2026-03-03 00:56:19,626 - services.recommendation.main - INFO - [t_d31bc5a9] Response ready
INFO:     127.0.0.1:63753 - "POST /score HTTP/1.1" 200 OK
2026-03-03 00:56:19,710 - services.recommendation.main - INFO - [t_cf21afba] POST /score - user_id=step5_demo_user, city=tokyo, tags=['ramen'], intent=None, memory_confidence=None
2026-03-03 00:56:19,710 - services.recommendation.main - INFO - [t_cf21afba] Stage 1: Recall (CZ city-only, EZ global)
2026-03-03 00:56:19,712 - services.recommendation.db - INFO - Loaded 15 items for city: tokyo
2026-03-03 00:56:19,712 - services.recommendation.db - INFO - Title sanitization: changed=0 (city=tokyo)
2026-03-03 00:56:19,712 - services.recommendation.recall - INFO - Recall: CZ=15 (city-only), EZ=13 (city-only, excellence >= 0.8)
2026-03-03 00:56:19,712 - services.recommendation.main - INFO - [t_cf21afba] Recall: CZ=15 (city-only), EZ=13 (global)
2026-03-03 00:56:19,712 - services.recommendation.main - INFO - [t_cf21afba] Stage 2: Rerank (v1.3)
2026-03-03 00:56:19,748 - services.recommendation.rerank - INFO - Rerank: 10 CZ items (filtered 15 → 15), 0 EZ items
2026-03-03 00:56:19,748 - services.recommendation.rerank - INFO - Top 5 CZ memory_influence: [1.1871, 1.1859, 1.1851, 1.1933, 1.1693]
2026-03-03 00:56:19,748 - services.recommendation.main - INFO - [t_cf21afba] Rerank: 10 CZ, 0 EZ
2026-03-03 00:56:19,748 - services.recommendation.mix_policy - INFO - Mix policy: 3 CZ + 0 EZ (ratio=3:0, rule=only_cz_available, delta=inf, intent=balanced, mem_conf=0.50)
2026-03-03 00:56:19,748 - services.recommendation.main - INFO - [t_cf21afba] Mix policy: only_cz_available (ratio=3:0, conf=1.00)
2026-03-03 00:56:19,748 - services.recommendation.main - INFO - [t_cf21afba] Non-finite response fields sanitized count=3 sample=['mix_policy.inputs_used.delta', 'mix_policy.delta', 'decision_trace.mix_policy.components.delta']
2026-03-03 00:56:19,748 - services.recommendation.main - INFO - [t_cf21afba] Response ready
INFO:     127.0.0.1:63786 - "POST /score HTTP/1.1" 200 OK
2026-03-03 00:56:25,663 - services.recommendation.main - INFO - [t_e3444cf9] POST /score - user_id=step5_demo_user, city=tokyo, tags=['ramen', 'street_food'], intent=balanced, memory_confidence=0.0
2026-03-03 00:56:25,663 - services.recommendation.main - INFO - [t_e3444cf9] Stage 1: Recall (CZ city-only, EZ global)
2026-03-03 00:56:25,667 - services.recommendation.db - INFO - Loaded 15 items for city: tokyo
2026-03-03 00:56:25,667 - services.recommendation.db - INFO - Title sanitization: changed=0 (city=tokyo)
2026-03-03 00:56:25,668 - services.recommendation.recall - INFO - Recall: CZ=15 (city-only), EZ=13 (city-only, excellence >= 0.8)
2026-03-03 00:56:25,668 - services.recommendation.main - INFO - [t_e3444cf9] Recall: CZ=15 (city-only), EZ=13 (global)
2026-03-03 00:56:25,668 - services.recommendation.main - INFO - [t_e3444cf9] Stage 2: Rerank (v1.3)
2026-03-03 00:56:25,709 - services.recommendation.rerank - INFO - Rerank: 10 CZ items (filtered 15 → 15), 0 EZ items
2026-03-03 00:56:25,709 - services.recommendation.rerank - INFO - Top 5 CZ memory_influence: [1.1722, 1.1717, 1.1679, 1.1981, 1.1671]
2026-03-03 00:56:25,709 - services.recommendation.main - INFO - [t_e3444cf9] Rerank: 10 CZ, 0 EZ
2026-03-03 00:56:25,709 - services.recommendation.mix_policy - INFO - Mix policy: 3 CZ + 0 EZ (ratio=3:0, rule=only_cz_available, delta=inf, intent=balanced, mem_conf=0.00)
2026-03-03 00:56:25,709 - services.recommendation.main - INFO - [t_e3444cf9] Mix policy: only_cz_available (ratio=3:0, conf=1.00)
2026-03-03 00:56:25,710 - services.recommendation.main - INFO - [t_e3444cf9] Non-finite response fields sanitized count=3 sample=['mix_policy.inputs_used.delta', 'mix_policy.delta', 'decision_trace.mix_policy.components.delta']
2026-03-03 00:56:25,710 - services.recommendation.main - INFO - [t_e3444cf9] Response ready
INFO:     127.0.0.1:63831 - "POST /score HTTP/1.1" 200 OK
2026-03-03 00:56:25,791 - services.recommendation.main - INFO - [t_2e6f7be6] POST /score - user_id=step5_demo_user, city=tokyo, tags=['ramen'], intent=None, memory_confidence=None
2026-03-03 00:56:25,791 - services.recommendation.main - INFO - [t_2e6f7be6] Stage 1: Recall (CZ city-only, EZ global)
2026-03-03 00:56:25,793 - services.recommendation.db - INFO - Loaded 15 items for city: tokyo
2026-03-03 00:56:25,793 - services.recommendation.db - INFO - Title sanitization: changed=0 (city=tokyo)
2026-03-03 00:56:25,793 - services.recommendation.recall - INFO - Recall: CZ=15 (city-only), EZ=13 (city-only, excellence >= 0.8)
2026-03-03 00:56:25,793 - services.recommendation.main - INFO - [t_2e6f7be6] Recall: CZ=15 (city-only), EZ=13 (global)
2026-03-03 00:56:25,793 - services.recommendation.main - INFO - [t_2e6f7be6] Stage 2: Rerank (v1.3)
2026-03-03 00:56:25,823 - services.recommendation.rerank - INFO - Rerank: 10 CZ items (filtered 15 → 15), 0 EZ items
2026-03-03 00:56:25,823 - services.recommendation.rerank - INFO - Top 5 CZ memory_influence: [1.1871, 1.1859, 1.1851, 1.1933, 1.1693]
2026-03-03 00:56:25,823 - services.recommendation.main - INFO - [t_2e6f7be6] Rerank: 10 CZ, 0 EZ
2026-03-03 00:56:25,823 - services.recommendation.mix_policy - INFO - Mix policy: 3 CZ + 0 EZ (ratio=3:0, rule=only_cz_available, delta=inf, intent=balanced, mem_conf=0.50)
2026-03-03 00:56:25,823 - services.recommendation.main - INFO - [t_2e6f7be6] Mix policy: only_cz_available (ratio=3:0, conf=1.00)
2026-03-03 00:56:25,824 - services.recommendation.main - INFO - [t_2e6f7be6] Non-finite response fields sanitized count=3 sample=['mix_policy.inputs_used.delta', 'mix_policy.delta', 'decision_trace.mix_policy.components.delta']
2026-03-03 00:56:25,824 - services.recommendation.main - INFO - [t_2e6f7be6] Response ready
INFO:     127.0.0.1:63864 - "POST /score HTTP/1.1" 200 OK
2026-03-03 00:56:32,179 - services.recommendation.main - INFO - [t_74d7d971] POST /score - user_id=step5_demo_user, city=tokyo, tags=['ramen', 'street_food'], intent=balanced, memory_confidence=0.0
2026-03-03 00:56:32,179 - services.recommendation.main - INFO - [t_74d7d971] Stage 1: Recall (CZ city-only, EZ global)
2026-03-03 00:56:32,182 - services.recommendation.db - INFO - Loaded 15 items for city: tokyo
2026-03-03 00:56:32,182 - services.recommendation.db - INFO - Title sanitization: changed=0 (city=tokyo)
2026-03-03 00:56:32,182 - services.recommendation.recall - INFO - Recall: CZ=15 (city-only), EZ=13 (city-only, excellence >= 0.8)
2026-03-03 00:56:32,182 - services.recommendation.main - INFO - [t_74d7d971] Recall: CZ=15 (city-only), EZ=13 (global)
2026-03-03 00:56:32,182 - services.recommendation.main - INFO - [t_74d7d971] Stage 2: Rerank (v1.3)
2026-03-03 00:56:32,229 - services.recommendation.rerank - INFO - Rerank: 10 CZ items (filtered 15 → 15), 0 EZ items
2026-03-03 00:56:32,229 - services.recommendation.rerank - INFO - Top 5 CZ memory_influence: [1.1722, 1.1717, 1.1679, 1.1981, 1.1671]
2026-03-03 00:56:32,229 - services.recommendation.main - INFO - [t_74d7d971] Rerank: 10 CZ, 0 EZ
2026-03-03 00:56:32,229 - services.recommendation.mix_policy - INFO - Mix policy: 3 CZ + 0 EZ (ratio=3:0, rule=only_cz_available, delta=inf, intent=balanced, mem_conf=0.00)
2026-03-03 00:56:32,229 - services.recommendation.main - INFO - [t_74d7d971] Mix policy: only_cz_available (ratio=3:0, conf=1.00)
2026-03-03 00:56:32,229 - services.recommendation.main - INFO - [t_74d7d971] Non-finite response fields sanitized count=3 sample=['mix_policy.inputs_used.delta', 'mix_policy.delta', 'decision_trace.mix_policy.components.delta']
2026-03-03 00:56:32,229 - services.recommendation.main - INFO - [t_74d7d971] Response ready
INFO:     127.0.0.1:63907 - "POST /score HTTP/1.1" 200 OK
2026-03-03 00:56:32,314 - services.recommendation.main - INFO - [t_778537e4] POST /score - user_id=step5_demo_user, city=tokyo, tags=['ramen'], intent=None, memory_confidence=None
2026-03-03 00:56:32,315 - services.recommendation.main - INFO - [t_778537e4] Stage 1: Recall (CZ city-only, EZ global)
2026-03-03 00:56:32,316 - services.recommendation.db - INFO - Loaded 15 items for city: tokyo
2026-03-03 00:56:32,316 - services.recommendation.db - INFO - Title sanitization: changed=0 (city=tokyo)
2026-03-03 00:56:32,316 - services.recommendation.recall - INFO - Recall: CZ=15 (city-only), EZ=13 (city-only, excellence >= 0.8)
2026-03-03 00:56:32,316 - services.recommendation.main - INFO - [t_778537e4] Recall: CZ=15 (city-only), EZ=13 (global)
2026-03-03 00:56:32,316 - services.recommendation.main - INFO - [t_778537e4] Stage 2: Rerank (v1.3)
2026-03-03 00:56:32,346 - services.recommendation.rerank - INFO - Rerank: 10 CZ items (filtered 15 → 15), 0 EZ items
2026-03-03 00:56:32,346 - services.recommendation.rerank - INFO - Top 5 CZ memory_influence: [1.1871, 1.1859, 1.1851, 1.1933, 1.1693]
2026-03-03 00:56:32,346 - services.recommendation.main - INFO - [t_778537e4] Rerank: 10 CZ, 0 EZ
2026-03-03 00:56:32,346 - services.recommendation.mix_policy - INFO - Mix policy: 3 CZ + 0 EZ (ratio=3:0, rule=only_cz_available, delta=inf, intent=balanced, mem_conf=0.50)
2026-03-03 00:56:32,346 - services.recommendation.main - INFO - [t_778537e4] Mix policy: only_cz_available (ratio=3:0, conf=1.00)
2026-03-03 00:56:32,346 - services.recommendation.main - INFO - [t_778537e4] Non-finite response fields sanitized count=3 sample=['mix_policy.inputs_used.delta', 'mix_policy.delta', 'decision_trace.mix_policy.components.delta']
2026-03-03 00:56:32,346 - services.recommendation.main - INFO - [t_778537e4] Response ready
INFO:     127.0.0.1:63940 - "POST /score HTTP/1.1" 200 OK
2026-03-03 00:56:39,683 - services.recommendation.main - INFO - [t_33fac61d] POST /score - user_id=step5_demo_user, city=tokyo, tags=['ramen'], intent=balanced, memory_confidence=0.0
2026-03-03 00:56:39,683 - services.recommendation.main - INFO - [t_33fac61d] Stage 1: Recall (CZ city-only, EZ global)
2026-03-03 00:56:39,686 - services.recommendation.db - INFO - Loaded 15 items for city: tokyo
2026-03-03 00:56:39,686 - services.recommendation.db - INFO - Title sanitization: changed=0 (city=tokyo)
2026-03-03 00:56:39,686 - services.recommendation.recall - INFO - Recall: CZ=15 (city-only), EZ=13 (city-only, excellence >= 0.8)
2026-03-03 00:56:39,686 - services.recommendation.main - INFO - [t_33fac61d] Recall: CZ=15 (city-only), EZ=13 (global)
2026-03-03 00:56:39,686 - services.recommendation.main - INFO - [t_33fac61d] Stage 2: Rerank (v1.3)
2026-03-03 00:56:39,736 - services.recommendation.rerank - INFO - Rerank: 10 CZ items (filtered 15 → 15), 0 EZ items
2026-03-03 00:56:39,736 - services.recommendation.rerank - INFO - Top 5 CZ memory_influence: [1.1871, 1.1859, 1.1851, 1.1933, 1.1693]
2026-03-03 00:56:39,736 - services.recommendation.main - INFO - [t_33fac61d] Rerank: 10 CZ, 0 EZ
2026-03-03 00:56:39,736 - services.recommendation.mix_policy - INFO - Mix policy: 3 CZ + 0 EZ (ratio=3:0, rule=only_cz_available, delta=inf, intent=balanced, mem_conf=0.00)
2026-03-03 00:56:39,736 - services.recommendation.main - INFO - [t_33fac61d] Mix policy: only_cz_available (ratio=3:0, conf=1.00)
2026-03-03 00:56:39,736 - services.recommendation.main - INFO - [t_33fac61d] Non-finite response fields sanitized count=3 sample=['mix_policy.inputs_used.delta', 'mix_policy.delta', 'decision_trace.mix_policy.components.delta']
2026-03-03 00:56:39,736 - services.recommendation.main - INFO - [t_33fac61d] Response ready
INFO:     127.0.0.1:63985 - "POST /score HTTP/1.1" 200 OK
2026-03-03 00:56:39,824 - services.recommendation.main - INFO - [t_42ffb42c] POST /score - user_id=step5_demo_user, city=tokyo, tags=['ramen'], intent=None, memory_confidence=None
2026-03-03 00:56:39,824 - services.recommendation.main - INFO - [t_42ffb42c] Stage 1: Recall (CZ city-only, EZ global)
2026-03-03 00:56:39,826 - services.recommendation.db - INFO - Loaded 15 items for city: tokyo
2026-03-03 00:56:39,826 - services.recommendation.db - INFO - Title sanitization: changed=0 (city=tokyo)
2026-03-03 00:56:39,826 - services.recommendation.recall - INFO - Recall: CZ=15 (city-only), EZ=13 (city-only, excellence >= 0.8)
2026-03-03 00:56:39,826 - services.recommendation.main - INFO - [t_42ffb42c] Recall: CZ=15 (city-only), EZ=13 (global)
2026-03-03 00:56:39,826 - services.recommendation.main - INFO - [t_42ffb42c] Stage 2: Rerank (v1.3)
2026-03-03 00:56:39,856 - services.recommendation.rerank - INFO - Rerank: 10 CZ items (filtered 15 → 15), 0 EZ items
2026-03-03 00:56:39,856 - services.recommendation.rerank - INFO - Top 5 CZ memory_influence: [1.1871, 1.1859, 1.1851, 1.1933, 1.1693]
2026-03-03 00:56:39,856 - services.recommendation.main - INFO - [t_42ffb42c] Rerank: 10 CZ, 0 EZ
2026-03-03 00:56:39,856 - services.recommendation.mix_policy - INFO - Mix policy: 3 CZ + 0 EZ (ratio=3:0, rule=only_cz_available, delta=inf, intent=balanced, mem_conf=0.50)
2026-03-03 00:56:39,856 - services.recommendation.main - INFO - [t_42ffb42c] Mix policy: only_cz_available (ratio=3:0, conf=1.00)
2026-03-03 00:56:39,856 - services.recommendation.main - INFO - [t_42ffb42c] Non-finite response fields sanitized count=3 sample=['mix_policy.inputs_used.delta', 'mix_policy.delta', 'decision_trace.mix_policy.components.delta']
2026-03-03 00:56:39,856 - services.recommendation.main - INFO - [t_42ffb42c] Response ready
INFO:     127.0.0.1:64018 - "POST /score HTTP/1.1" 200 OK
2026-03-03 00:56:45,175 - services.recommendation.main - INFO - [t_ff8c8ede] POST /score - user_id=step5_demo_user, city=tokyo, tags=['ramen', 'street_food'], intent=balanced, memory_confidence=0.0
2026-03-03 00:56:45,176 - services.recommendation.main - INFO - [t_ff8c8ede] Stage 1: Recall (CZ city-only, EZ global)
2026-03-03 00:56:45,181 - services.recommendation.db - INFO - Loaded 15 items for city: tokyo
2026-03-03 00:56:45,181 - services.recommendation.db - INFO - Title sanitization: changed=0 (city=tokyo)
2026-03-03 00:56:45,181 - services.recommendation.recall - INFO - Recall: CZ=15 (city-only), EZ=13 (city-only, excellence >= 0.8)
2026-03-03 00:56:45,181 - services.recommendation.main - INFO - [t_ff8c8ede] Recall: CZ=15 (city-only), EZ=13 (global)
2026-03-03 00:56:45,181 - services.recommendation.main - INFO - [t_ff8c8ede] Stage 2: Rerank (v1.3)
2026-03-03 00:56:45,226 - services.recommendation.rerank - INFO - Rerank: 10 CZ items (filtered 15 → 15), 0 EZ items
2026-03-03 00:56:45,226 - services.recommendation.rerank - INFO - Top 5 CZ memory_influence: [1.1722, 1.1717, 1.1679, 1.1981, 1.1671]
2026-03-03 00:56:45,226 - services.recommendation.main - INFO - [t_ff8c8ede] Rerank: 10 CZ, 0 EZ
2026-03-03 00:56:45,226 - services.recommendation.mix_policy - INFO - Mix policy: 3 CZ + 0 EZ (ratio=3:0, rule=only_cz_available, delta=inf, intent=balanced, mem_conf=0.00)
2026-03-03 00:56:45,226 - services.recommendation.main - INFO - [t_ff8c8ede] Mix policy: only_cz_available (ratio=3:0, conf=1.00)
2026-03-03 00:56:45,226 - services.recommendation.main - INFO - [t_ff8c8ede] Non-finite response fields sanitized count=3 sample=['mix_policy.inputs_used.delta', 'mix_policy.delta', 'decision_trace.mix_policy.components.delta']
2026-03-03 00:56:45,226 - services.recommendation.main - INFO - [t_ff8c8ede] Response ready
INFO:     127.0.0.1:64061 - "POST /score HTTP/1.1" 200 OK
2026-03-03 00:56:45,315 - services.recommendation.main - INFO - [t_9d1ce3c4] POST /score - user_id=step5_demo_user, city=tokyo, tags=['ramen'], intent=None, memory_confidence=None
2026-03-03 00:56:45,315 - services.recommendation.main - INFO - [t_9d1ce3c4] Stage 1: Recall (CZ city-only, EZ global)
2026-03-03 00:56:45,317 - services.recommendation.db - INFO - Loaded 15 items for city: tokyo
2026-03-03 00:56:45,317 - services.recommendation.db - INFO - Title sanitization: changed=0 (city=tokyo)
2026-03-03 00:56:45,317 - services.recommendation.recall - INFO - Recall: CZ=15 (city-only), EZ=13 (city-only, excellence >= 0.8)
2026-03-03 00:56:45,317 - services.recommendation.main - INFO - [t_9d1ce3c4] Recall: CZ=15 (city-only), EZ=13 (global)
2026-03-03 00:56:45,317 - services.recommendation.main - INFO - [t_9d1ce3c4] Stage 2: Rerank (v1.3)
2026-03-03 00:56:45,351 - services.recommendation.rerank - INFO - Rerank: 10 CZ items (filtered 15 → 15), 0 EZ items
2026-03-03 00:56:45,351 - services.recommendation.rerank - INFO - Top 5 CZ memory_influence: [1.1871, 1.1859, 1.1851, 1.1933, 1.1693]
2026-03-03 00:56:45,352 - services.recommendation.main - INFO - [t_9d1ce3c4] Rerank: 10 CZ, 0 EZ
2026-03-03 00:56:45,352 - services.recommendation.mix_policy - INFO - Mix policy: 3 CZ + 0 EZ (ratio=3:0, rule=only_cz_available, delta=inf, intent=balanced, mem_conf=0.50)
2026-03-03 00:56:45,352 - services.recommendation.main - INFO - [t_9d1ce3c4] Mix policy: only_cz_available (ratio=3:0, conf=1.00)
2026-03-03 00:56:45,352 - services.recommendation.main - INFO - [t_9d1ce3c4] Non-finite response fields sanitized count=3 sample=['mix_policy.inputs_used.delta', 'mix_policy.delta', 'decision_trace.mix_policy.components.delta']
2026-03-03 00:56:45,352 - services.recommendation.main - INFO - [t_9d1ce3c4] Response ready
INFO:     127.0.0.1:64094 - "POST /score HTTP/1.1" 200 OK
2026-03-03 00:56:50,652 - services.recommendation.main - INFO - [t_87411312] POST /score - user_id=step5_demo_user, city=tokyo, tags=['ramen'], intent=balanced, memory_confidence=0.0
2026-03-03 00:56:50,652 - services.recommendation.main - INFO - [t_87411312] Stage 1: Recall (CZ city-only, EZ global)
2026-03-03 00:56:50,655 - services.recommendation.db - INFO - Loaded 15 items for city: tokyo
2026-03-03 00:56:50,655 - services.recommendation.db - INFO - Title sanitization: changed=0 (city=tokyo)
2026-03-03 00:56:50,655 - services.recommendation.recall - INFO - Recall: CZ=15 (city-only), EZ=13 (city-only, excellence >= 0.8)
2026-03-03 00:56:50,655 - services.recommendation.main - INFO - [t_87411312] Recall: CZ=15 (city-only), EZ=13 (global)
2026-03-03 00:56:50,655 - services.recommendation.main - INFO - [t_87411312] Stage 2: Rerank (v1.3)
2026-03-03 00:56:50,707 - services.recommendation.rerank - INFO - Rerank: 10 CZ items (filtered 15 → 15), 0 EZ items
2026-03-03 00:56:50,707 - services.recommendation.rerank - INFO - Top 5 CZ memory_influence: [1.1871, 1.1859, 1.1851, 1.1933, 1.1693]
2026-03-03 00:56:50,707 - services.recommendation.main - INFO - [t_87411312] Rerank: 10 CZ, 0 EZ
2026-03-03 00:56:50,707 - services.recommendation.mix_policy - INFO - Mix policy: 3 CZ + 0 EZ (ratio=3:0, rule=only_cz_available, delta=inf, intent=balanced, mem_conf=0.00)
2026-03-03 00:56:50,707 - services.recommendation.main - INFO - [t_87411312] Mix policy: only_cz_available (ratio=3:0, conf=1.00)
2026-03-03 00:56:50,707 - services.recommendation.main - INFO - [t_87411312] Non-finite response fields sanitized count=3 sample=['mix_policy.inputs_used.delta', 'mix_policy.delta', 'decision_trace.mix_policy.components.delta']
2026-03-03 00:56:50,707 - services.recommendation.main - INFO - [t_87411312] Response ready
INFO:     127.0.0.1:64137 - "POST /score HTTP/1.1" 200 OK
2026-03-03 00:56:50,790 - services.recommendation.main - INFO - [t_7d4b6693] POST /score - user_id=step5_demo_user, city=tokyo, tags=['ramen'], intent=None, memory_confidence=None
2026-03-03 00:56:50,790 - services.recommendation.main - INFO - [t_7d4b6693] Stage 1: Recall (CZ city-only, EZ global)
2026-03-03 00:56:50,793 - services.recommendation.db - INFO - Loaded 15 items for city: tokyo
2026-03-03 00:56:50,793 - services.recommendation.db - INFO - Title sanitization: changed=0 (city=tokyo)
2026-03-03 00:56:50,793 - services.recommendation.recall - INFO - Recall: CZ=15 (city-only), EZ=13 (city-only, excellence >= 0.8)
2026-03-03 00:56:50,794 - services.recommendation.main - INFO - [t_7d4b6693] Recall: CZ=15 (city-only), EZ=13 (global)
2026-03-03 00:56:50,794 - services.recommendation.main - INFO - [t_7d4b6693] Stage 2: Rerank (v1.3)
2026-03-03 00:56:50,828 - services.recommendation.rerank - INFO - Rerank: 10 CZ items (filtered 15 → 15), 0 EZ items
2026-03-03 00:56:50,828 - services.recommendation.rerank - INFO - Top 5 CZ memory_influence: [1.1871, 1.1859, 1.1851, 1.1933, 1.1693]
2026-03-03 00:56:50,828 - services.recommendation.main - INFO - [t_7d4b6693] Rerank: 10 CZ, 0 EZ
2026-03-03 00:56:50,828 - services.recommendation.mix_policy - INFO - Mix policy: 3 CZ + 0 EZ (ratio=3:0, rule=only_cz_available, delta=inf, intent=balanced, mem_conf=0.50)
2026-03-03 00:56:50,828 - services.recommendation.main - INFO - [t_7d4b6693] Mix policy: only_cz_available (ratio=3:0, conf=1.00)
2026-03-03 00:56:50,829 - services.recommendation.main - INFO - [t_7d4b6693] Non-finite response fields sanitized count=3 sample=['mix_policy.inputs_used.delta', 'mix_policy.delta', 'decision_trace.mix_policy.components.delta']
2026-03-03 00:56:50,829 - services.recommendation.main - INFO - [t_7d4b6693] Response ready
INFO:     127.0.0.1:64170 - "POST /score HTTP/1.1" 200 OK
2026-03-03 00:56:55,944 - services.recommendation.main - INFO - [t_8fcb5e6d] POST /score - user_id=step5_demo_user, city=tokyo, tags=['ramen', 'street_food'], intent=balanced, memory_confidence=0.0
2026-03-03 00:56:55,944 - services.recommendation.main - INFO - [t_8fcb5e6d] Stage 1: Recall (CZ city-only, EZ global)
2026-03-03 00:56:55,948 - services.recommendation.db - INFO - Loaded 15 items for city: tokyo
2026-03-03 00:56:55,948 - services.recommendation.db - INFO - Title sanitization: changed=0 (city=tokyo)
2026-03-03 00:56:55,948 - services.recommendation.recall - INFO - Recall: CZ=15 (city-only), EZ=13 (city-only, excellence >= 0.8)
2026-03-03 00:56:55,948 - services.recommendation.main - INFO - [t_8fcb5e6d] Recall: CZ=15 (city-only), EZ=13 (global)
2026-03-03 00:56:55,948 - services.recommendation.main - INFO - [t_8fcb5e6d] Stage 2: Rerank (v1.3)
2026-03-03 00:56:55,996 - services.recommendation.rerank - INFO - Rerank: 10 CZ items (filtered 15 → 15), 0 EZ items
2026-03-03 00:56:55,996 - services.recommendation.rerank - INFO - Top 5 CZ memory_influence: [1.1722, 1.1717, 1.1679, 1.1981, 1.1671]
2026-03-03 00:56:55,996 - services.recommendation.main - INFO - [t_8fcb5e6d] Rerank: 10 CZ, 0 EZ
2026-03-03 00:56:55,996 - services.recommendation.mix_policy - INFO - Mix policy: 3 CZ + 0 EZ (ratio=3:0, rule=only_cz_available, delta=inf, intent=balanced, mem_conf=0.00)
2026-03-03 00:56:55,996 - services.recommendation.main - INFO - [t_8fcb5e6d] Mix policy: only_cz_available (ratio=3:0, conf=1.00)
2026-03-03 00:56:55,996 - services.recommendation.main - INFO - [t_8fcb5e6d] Non-finite response fields sanitized count=3 sample=['mix_policy.inputs_used.delta', 'mix_policy.delta', 'decision_trace.mix_policy.components.delta']
2026-03-03 00:56:55,996 - services.recommendation.main - INFO - [t_8fcb5e6d] Response ready
INFO:     127.0.0.1:64213 - "POST /score HTTP/1.1" 200 OK
2026-03-03 00:56:56,085 - services.recommendation.main - INFO - [t_7a51ab23] POST /score - user_id=step5_demo_user, city=tokyo, tags=['ramen'], intent=None, memory_confidence=None
2026-03-03 00:56:56,085 - services.recommendation.main - INFO - [t_7a51ab23] Stage 1: Recall (CZ city-only, EZ global)
2026-03-03 00:56:56,086 - services.recommendation.db - INFO - Loaded 15 items for city: tokyo
2026-03-03 00:56:56,086 - services.recommendation.db - INFO - Title sanitization: changed=0 (city=tokyo)
2026-03-03 00:56:56,087 - services.recommendation.recall - INFO - Recall: CZ=15 (city-only), EZ=13 (city-only, excellence >= 0.8)
2026-03-03 00:56:56,087 - services.recommendation.main - INFO - [t_7a51ab23] Recall: CZ=15 (city-only), EZ=13 (global)
2026-03-03 00:56:56,087 - services.recommendation.main - INFO - [t_7a51ab23] Stage 2: Rerank (v1.3)
2026-03-03 00:56:56,121 - services.recommendation.rerank - INFO - Rerank: 10 CZ items (filtered 15 → 15), 0 EZ items
2026-03-03 00:56:56,121 - services.recommendation.rerank - INFO - Top 5 CZ memory_influence: [1.1871, 1.1859, 1.1851, 1.1933, 1.1693]
2026-03-03 00:56:56,121 - services.recommendation.main - INFO - [t_7a51ab23] Rerank: 10 CZ, 0 EZ
2026-03-03 00:56:56,121 - services.recommendation.mix_policy - INFO - Mix policy: 3 CZ + 0 EZ (ratio=3:0, rule=only_cz_available, delta=inf, intent=balanced, mem_conf=0.50)
2026-03-03 00:56:56,121 - services.recommendation.main - INFO - [t_7a51ab23] Mix policy: only_cz_available (ratio=3:0, conf=1.00)
2026-03-03 00:56:56,121 - services.recommendation.main - INFO - [t_7a51ab23] Non-finite response fields sanitized count=3 sample=['mix_policy.inputs_used.delta', 'mix_policy.delta', 'decision_trace.mix_policy.components.delta']
2026-03-03 00:56:56,121 - services.recommendation.main - INFO - [t_7a51ab23] Response ready
INFO:     127.0.0.1:64246 - "POST /score HTTP/1.1" 200 OK
2026-03-03 00:57:02,778 - services.recommendation.main - INFO - [t_e86b5cb8] POST /score - user_id=step5_demo_user, city=tokyo, tags=['ramen'], intent=balanced, memory_confidence=0.0
2026-03-03 00:57:02,778 - services.recommendation.main - INFO - [t_e86b5cb8] Stage 1: Recall (CZ city-only, EZ global)
2026-03-03 00:57:02,781 - services.recommendation.db - INFO - Loaded 15 items for city: tokyo
2026-03-03 00:57:02,781 - services.recommendation.db - INFO - Title sanitization: changed=0 (city=tokyo)
2026-03-03 00:57:02,781 - services.recommendation.recall - INFO - Recall: CZ=15 (city-only), EZ=13 (city-only, excellence >= 0.8)
2026-03-03 00:57:02,781 - services.recommendation.main - INFO - [t_e86b5cb8] Recall: CZ=15 (city-only), EZ=13 (global)
2026-03-03 00:57:02,781 - services.recommendation.main - INFO - [t_e86b5cb8] Stage 2: Rerank (v1.3)
2026-03-03 00:57:02,828 - services.recommendation.rerank - INFO - Rerank: 10 CZ items (filtered 15 → 15), 0 EZ items
2026-03-03 00:57:02,828 - services.recommendation.rerank - INFO - Top 5 CZ memory_influence: [1.1871, 1.1859, 1.1851, 1.1933, 1.1693]
2026-03-03 00:57:02,828 - services.recommendation.main - INFO - [t_e86b5cb8] Rerank: 10 CZ, 0 EZ
2026-03-03 00:57:02,828 - services.recommendation.mix_policy - INFO - Mix policy: 3 CZ + 0 EZ (ratio=3:0, rule=only_cz_available, delta=inf, intent=balanced, mem_conf=0.00)
2026-03-03 00:57:02,828 - services.recommendation.main - INFO - [t_e86b5cb8] Mix policy: only_cz_available (ratio=3:0, conf=1.00)
2026-03-03 00:57:02,828 - services.recommendation.main - INFO - [t_e86b5cb8] Non-finite response fields sanitized count=3 sample=['mix_policy.inputs_used.delta', 'mix_policy.delta', 'decision_trace.mix_policy.components.delta']
2026-03-03 00:57:02,828 - services.recommendation.main - INFO - [t_e86b5cb8] Response ready
INFO:     127.0.0.1:64289 - "POST /score HTTP/1.1" 200 OK
2026-03-03 00:57:02,916 - services.recommendation.main - INFO - [t_40f3683c] POST /score - user_id=step5_demo_user, city=tokyo, tags=['ramen'], intent=None, memory_confidence=None
2026-03-03 00:57:02,916 - services.recommendation.main - INFO - [t_40f3683c] Stage 1: Recall (CZ city-only, EZ global)
2026-03-03 00:57:02,918 - services.recommendation.db - INFO - Loaded 15 items for city: tokyo
2026-03-03 00:57:02,918 - services.recommendation.db - INFO - Title sanitization: changed=0 (city=tokyo)
2026-03-03 00:57:02,918 - services.recommendation.recall - INFO - Recall: CZ=15 (city-only), EZ=13 (city-only, excellence >= 0.8)
2026-03-03 00:57:02,918 - services.recommendation.main - INFO - [t_40f3683c] Recall: CZ=15 (city-only), EZ=13 (global)
2026-03-03 00:57:02,918 - services.recommendation.main - INFO - [t_40f3683c] Stage 2: Rerank (v1.3)
2026-03-03 00:57:02,952 - services.recommendation.rerank - INFO - Rerank: 10 CZ items (filtered 15 → 15), 0 EZ items
2026-03-03 00:57:02,952 - services.recommendation.rerank - INFO - Top 5 CZ memory_influence: [1.1871, 1.1859, 1.1851, 1.1933, 1.1693]
2026-03-03 00:57:02,952 - services.recommendation.main - INFO - [t_40f3683c] Rerank: 10 CZ, 0 EZ
2026-03-03 00:57:02,952 - services.recommendation.mix_policy - INFO - Mix policy: 3 CZ + 0 EZ (ratio=3:0, rule=only_cz_available, delta=inf, intent=balanced, mem_conf=0.50)
2026-03-03 00:57:02,952 - services.recommendation.main - INFO - [t_40f3683c] Mix policy: only_cz_available (ratio=3:0, conf=1.00)
2026-03-03 00:57:02,952 - services.recommendation.main - INFO - [t_40f3683c] Non-finite response fields sanitized count=3 sample=['mix_policy.inputs_used.delta', 'mix_policy.delta', 'decision_trace.mix_policy.components.delta']
2026-03-03 00:57:02,952 - services.recommendation.main - INFO - [t_40f3683c] Response ready
INFO:     127.0.0.1:64322 - "POST /score HTTP/1.1" 200 OK
2026-03-03 00:58:38,552 - services.recommendation.main - INFO - [t_90d882df] POST /score - user_id=step5_demo_user, city=tokyo, tags=['ramen', 'street_food'], intent=balanced, memory_confidence=0.0
2026-03-03 00:58:38,552 - services.recommendation.main - INFO - [t_90d882df] Stage 1: Recall (CZ city-only, EZ global)
2026-03-03 00:58:38,563 - services.recommendation.db - INFO - Loaded 15 items for city: tokyo
2026-03-03 00:58:38,563 - services.recommendation.db - INFO - Title sanitization: changed=0 (city=tokyo)
2026-03-03 00:58:38,563 - services.recommendation.recall - INFO - Recall: CZ=15 (city-only), EZ=13 (city-only, excellence >= 0.8)
2026-03-03 00:58:38,563 - services.recommendation.main - INFO - [t_90d882df] Recall: CZ=15 (city-only), EZ=13 (global)
2026-03-03 00:58:38,563 - services.recommendation.main - INFO - [t_90d882df] Stage 2: Rerank (v1.3)
2026-03-03 00:58:38,612 - services.recommendation.rerank - INFO - Rerank: 10 CZ items (filtered 15 → 15), 0 EZ items
2026-03-03 00:58:38,612 - services.recommendation.rerank - INFO - Top 5 CZ memory_influence: [1.1722, 1.1717, 1.1679, 1.1981, 1.1671]
2026-03-03 00:58:38,612 - services.recommendation.main - INFO - [t_90d882df] Rerank: 10 CZ, 0 EZ
2026-03-03 00:58:38,612 - services.recommendation.mix_policy - INFO - Mix policy: 3 CZ + 0 EZ (ratio=3:0, rule=only_cz_available, delta=inf, intent=balanced, mem_conf=0.00)
2026-03-03 00:58:38,612 - services.recommendation.main - INFO - [t_90d882df] Mix policy: only_cz_available (ratio=3:0, conf=1.00)
2026-03-03 00:58:38,612 - services.recommendation.main - INFO - [t_90d882df] Non-finite response fields sanitized count=3 sample=['mix_policy.inputs_used.delta', 'mix_policy.delta', 'decision_trace.mix_policy.components.delta']
2026-03-03 00:58:38,612 - services.recommendation.main - INFO - [t_90d882df] Response ready
INFO:     127.0.0.1:64396 - "POST /score HTTP/1.1" 200 OK
2026-03-03 00:58:38,696 - services.recommendation.main - INFO - [t_33c30f3f] POST /score - user_id=step5_demo_user, city=tokyo, tags=['ramen'], intent=None, memory_confidence=None
2026-03-03 00:58:38,696 - services.recommendation.main - INFO - [t_33c30f3f] Stage 1: Recall (CZ city-only, EZ global)
2026-03-03 00:58:38,698 - services.recommendation.db - INFO - Loaded 15 items for city: tokyo
2026-03-03 00:58:38,698 - services.recommendation.db - INFO - Title sanitization: changed=0 (city=tokyo)
2026-03-03 00:58:38,698 - services.recommendation.recall - INFO - Recall: CZ=15 (city-only), EZ=13 (city-only, excellence >= 0.8)
2026-03-03 00:58:38,698 - services.recommendation.main - INFO - [t_33c30f3f] Recall: CZ=15 (city-only), EZ=13 (global)
2026-03-03 00:58:38,698 - services.recommendation.main - INFO - [t_33c30f3f] Stage 2: Rerank (v1.3)
2026-03-03 00:58:38,732 - services.recommendation.rerank - INFO - Rerank: 10 CZ items (filtered 15 → 15), 0 EZ items
2026-03-03 00:58:38,732 - services.recommendation.rerank - INFO - Top 5 CZ memory_influence: [1.1871, 1.1859, 1.1851, 1.1933, 1.1693]
2026-03-03 00:58:38,732 - services.recommendation.main - INFO - [t_33c30f3f] Rerank: 10 CZ, 0 EZ
2026-03-03 00:58:38,732 - services.recommendation.mix_policy - INFO - Mix policy: 3 CZ + 0 EZ (ratio=3:0, rule=only_cz_available, delta=inf, intent=balanced, mem_conf=0.50)
2026-03-03 00:58:38,732 - services.recommendation.main - INFO - [t_33c30f3f] Mix policy: only_cz_available (ratio=3:0, conf=1.00)
2026-03-03 00:58:38,732 - services.recommendation.main - INFO - [t_33c30f3f] Non-finite response fields sanitized count=3 sample=['mix_policy.inputs_used.delta', 'mix_policy.delta', 'decision_trace.mix_policy.components.delta']
2026-03-03 00:58:38,732 - services.recommendation.main - INFO - [t_33c30f3f] Response ready
INFO:     127.0.0.1:64429 - "POST /score HTTP/1.1" 200 OK
2026-03-03 00:58:45,002 - services.recommendation.main - INFO - [t_53a659de] POST /score - user_id=step5_demo_user, city=tokyo, tags=['ramen', 'street_food'], intent=balanced, memory_confidence=0.0
2026-03-03 00:58:45,002 - services.recommendation.main - INFO - [t_53a659de] Stage 1: Recall (CZ city-only, EZ global)
2026-03-03 00:58:45,005 - services.recommendation.db - INFO - Loaded 15 items for city: tokyo
2026-03-03 00:58:45,005 - services.recommendation.db - INFO - Title sanitization: changed=0 (city=tokyo)
2026-03-03 00:58:45,005 - services.recommendation.recall - INFO - Recall: CZ=15 (city-only), EZ=13 (city-only, excellence >= 0.8)
2026-03-03 00:58:45,005 - services.recommendation.main - INFO - [t_53a659de] Recall: CZ=15 (city-only), EZ=13 (global)
2026-03-03 00:58:45,005 - services.recommendation.main - INFO - [t_53a659de] Stage 2: Rerank (v1.3)
2026-03-03 00:58:45,057 - services.recommendation.rerank - INFO - Rerank: 10 CZ items (filtered 15 → 15), 0 EZ items
2026-03-03 00:58:45,057 - services.recommendation.rerank - INFO - Top 5 CZ memory_influence: [1.1722, 1.1717, 1.1679, 1.1981, 1.1671]
2026-03-03 00:58:45,057 - services.recommendation.main - INFO - [t_53a659de] Rerank: 10 CZ, 0 EZ
2026-03-03 00:58:45,057 - services.recommendation.mix_policy - INFO - Mix policy: 3 CZ + 0 EZ (ratio=3:0, rule=only_cz_available, delta=inf, intent=balanced, mem_conf=0.00)
2026-03-03 00:58:45,057 - services.recommendation.main - INFO - [t_53a659de] Mix policy: only_cz_available (ratio=3:0, conf=1.00)
2026-03-03 00:58:45,058 - services.recommendation.main - INFO - [t_53a659de] Non-finite response fields sanitized count=3 sample=['mix_policy.inputs_used.delta', 'mix_policy.delta', 'decision_trace.mix_policy.components.delta']
2026-03-03 00:58:45,058 - services.recommendation.main - INFO - [t_53a659de] Response ready
INFO:     127.0.0.1:64471 - "POST /score HTTP/1.1" 200 OK
2026-03-03 00:58:45,141 - services.recommendation.main - INFO - [t_c1a501b8] POST /score - user_id=step5_demo_user, city=tokyo, tags=['ramen'], intent=None, memory_confidence=None
2026-03-03 00:58:45,141 - services.recommendation.main - INFO - [t_c1a501b8] Stage 1: Recall (CZ city-only, EZ global)
2026-03-03 00:58:45,143 - services.recommendation.db - INFO - Loaded 15 items for city: tokyo
2026-03-03 00:58:45,143 - services.recommendation.db - INFO - Title sanitization: changed=0 (city=tokyo)
2026-03-03 00:58:45,143 - services.recommendation.recall - INFO - Recall: CZ=15 (city-only), EZ=13 (city-only, excellence >= 0.8)
2026-03-03 00:58:45,143 - services.recommendation.main - INFO - [t_c1a501b8] Recall: CZ=15 (city-only), EZ=13 (global)
2026-03-03 00:58:45,143 - services.recommendation.main - INFO - [t_c1a501b8] Stage 2: Rerank (v1.3)
2026-03-03 00:58:45,178 - services.recommendation.rerank - INFO - Rerank: 10 CZ items (filtered 15 → 15), 0 EZ items
2026-03-03 00:58:45,178 - services.recommendation.rerank - INFO - Top 5 CZ memory_influence: [1.1871, 1.1859, 1.1851, 1.1933, 1.1693]
2026-03-03 00:58:45,178 - services.recommendation.main - INFO - [t_c1a501b8] Rerank: 10 CZ, 0 EZ
2026-03-03 00:58:45,178 - services.recommendation.mix_policy - INFO - Mix policy: 3 CZ + 0 EZ (ratio=3:0, rule=only_cz_available, delta=inf, intent=balanced, mem_conf=0.50)
2026-03-03 00:58:45,178 - services.recommendation.main - INFO - [t_c1a501b8] Mix policy: only_cz_available (ratio=3:0, conf=1.00)
2026-03-03 00:58:45,178 - services.recommendation.main - INFO - [t_c1a501b8] Non-finite response fields sanitized count=3 sample=['mix_policy.inputs_used.delta', 'mix_policy.delta', 'decision_trace.mix_policy.components.delta']
2026-03-03 00:58:45,178 - services.recommendation.main - INFO - [t_c1a501b8] Response ready
INFO:     127.0.0.1:64504 - "POST /score HTTP/1.1" 200 OK
2026-03-03 00:58:51,546 - services.recommendation.main - INFO - [t_da5985d9] POST /score - user_id=step5_demo_user, city=tokyo, tags=['ramen', 'street_food'], intent=balanced, memory_confidence=0.0
2026-03-03 00:58:51,546 - services.recommendation.main - INFO - [t_da5985d9] Stage 1: Recall (CZ city-only, EZ global)
2026-03-03 00:58:51,550 - services.recommendation.db - INFO - Loaded 15 items for city: tokyo
2026-03-03 00:58:51,550 - services.recommendation.db - INFO - Title sanitization: changed=0 (city=tokyo)
2026-03-03 00:58:51,550 - services.recommendation.recall - INFO - Recall: CZ=15 (city-only), EZ=13 (city-only, excellence >= 0.8)
2026-03-03 00:58:51,551 - services.recommendation.main - INFO - [t_da5985d9] Recall: CZ=15 (city-only), EZ=13 (global)
2026-03-03 00:58:51,551 - services.recommendation.main - INFO - [t_da5985d9] Stage 2: Rerank (v1.3)
2026-03-03 00:58:51,604 - services.recommendation.rerank - INFO - Rerank: 10 CZ items (filtered 15 → 15), 0 EZ items
2026-03-03 00:58:51,604 - services.recommendation.rerank - INFO - Top 5 CZ memory_influence: [1.1722, 1.1717, 1.1679, 1.1981, 1.1671]
2026-03-03 00:58:51,604 - services.recommendation.main - INFO - [t_da5985d9] Rerank: 10 CZ, 0 EZ
2026-03-03 00:58:51,604 - services.recommendation.mix_policy - INFO - Mix policy: 3 CZ + 0 EZ (ratio=3:0, rule=only_cz_available, delta=inf, intent=balanced, mem_conf=0.00)
2026-03-03 00:58:51,604 - services.recommendation.main - INFO - [t_da5985d9] Mix policy: only_cz_available (ratio=3:0, conf=1.00)
2026-03-03 00:58:51,604 - services.recommendation.main - INFO - [t_da5985d9] Non-finite response fields sanitized count=3 sample=['mix_policy.inputs_used.delta', 'mix_policy.delta', 'decision_trace.mix_policy.components.delta']
2026-03-03 00:58:51,604 - services.recommendation.main - INFO - [t_da5985d9] Response ready
INFO:     127.0.0.1:64549 - "POST /score HTTP/1.1" 200 OK
2026-03-03 00:58:51,693 - services.recommendation.main - INFO - [t_a020e098] POST /score - user_id=step5_demo_user, city=tokyo, tags=['ramen'], intent=None, memory_confidence=None
2026-03-03 00:58:51,693 - services.recommendation.main - INFO - [t_a020e098] Stage 1: Recall (CZ city-only, EZ global)
2026-03-03 00:58:51,695 - services.recommendation.db - INFO - Loaded 15 items for city: tokyo
2026-03-03 00:58:51,695 - services.recommendation.db - INFO - Title sanitization: changed=0 (city=tokyo)
2026-03-03 00:58:51,695 - services.recommendation.recall - INFO - Recall: CZ=15 (city-only), EZ=13 (city-only, excellence >= 0.8)
2026-03-03 00:58:51,695 - services.recommendation.main - INFO - [t_a020e098] Recall: CZ=15 (city-only), EZ=13 (global)
2026-03-03 00:58:51,695 - services.recommendation.main - INFO - [t_a020e098] Stage 2: Rerank (v1.3)
2026-03-03 00:58:51,730 - services.recommendation.rerank - INFO - Rerank: 10 CZ items (filtered 15 → 15), 0 EZ items
2026-03-03 00:58:51,730 - services.recommendation.rerank - INFO - Top 5 CZ memory_influence: [1.1871, 1.1859, 1.1851, 1.1933, 1.1693]
2026-03-03 00:58:51,730 - services.recommendation.main - INFO - [t_a020e098] Rerank: 10 CZ, 0 EZ
2026-03-03 00:58:51,730 - services.recommendation.mix_policy - INFO - Mix policy: 3 CZ + 0 EZ (ratio=3:0, rule=only_cz_available, delta=inf, intent=balanced, mem_conf=0.50)
2026-03-03 00:58:51,730 - services.recommendation.main - INFO - [t_a020e098] Mix policy: only_cz_available (ratio=3:0, conf=1.00)
2026-03-03 00:58:51,730 - services.recommendation.main - INFO - [t_a020e098] Non-finite response fields sanitized count=3 sample=['mix_policy.inputs_used.delta', 'mix_policy.delta', 'decision_trace.mix_policy.components.delta']
2026-03-03 00:58:51,730 - services.recommendation.main - INFO - [t_a020e098] Response ready
INFO:     127.0.0.1:64582 - "POST /score HTTP/1.1" 200 OK
2026-03-03 00:59:01,102 - services.recommendation.main - INFO - [t_10dd900d] POST /score - user_id=step5_demo_user, city=tokyo, tags=['ramen'], intent=balanced, memory_confidence=0.0
2026-03-03 00:59:01,102 - services.recommendation.main - INFO - [t_10dd900d] Stage 1: Recall (CZ city-only, EZ global)
2026-03-03 00:59:01,107 - services.recommendation.db - INFO - Loaded 15 items for city: tokyo
2026-03-03 00:59:01,107 - services.recommendation.db - INFO - Title sanitization: changed=0 (city=tokyo)
2026-03-03 00:59:01,107 - services.recommendation.recall - INFO - Recall: CZ=15 (city-only), EZ=13 (city-only, excellence >= 0.8)
2026-03-03 00:59:01,107 - services.recommendation.main - INFO - [t_10dd900d] Recall: CZ=15 (city-only), EZ=13 (global)
2026-03-03 00:59:01,107 - services.recommendation.main - INFO - [t_10dd900d] Stage 2: Rerank (v1.3)
2026-03-03 00:59:01,158 - services.recommendation.rerank - INFO - Rerank: 10 CZ items (filtered 15 → 15), 0 EZ items
2026-03-03 00:59:01,158 - services.recommendation.rerank - INFO - Top 5 CZ memory_influence: [1.1871, 1.1859, 1.1851, 1.1933, 1.1693]
2026-03-03 00:59:01,158 - services.recommendation.main - INFO - [t_10dd900d] Rerank: 10 CZ, 0 EZ
2026-03-03 00:59:01,158 - services.recommendation.mix_policy - INFO - Mix policy: 3 CZ + 0 EZ (ratio=3:0, rule=only_cz_available, delta=inf, intent=balanced, mem_conf=0.00)
2026-03-03 00:59:01,158 - services.recommendation.main - INFO - [t_10dd900d] Mix policy: only_cz_available (ratio=3:0, conf=1.00)
2026-03-03 00:59:01,158 - services.recommendation.main - INFO - [t_10dd900d] Non-finite response fields sanitized count=3 sample=['mix_policy.inputs_used.delta', 'mix_policy.delta', 'decision_trace.mix_policy.components.delta']
2026-03-03 00:59:01,158 - services.recommendation.main - INFO - [t_10dd900d] Response ready
INFO:     127.0.0.1:64629 - "POST /score HTTP/1.1" 200 OK
2026-03-03 00:59:01,245 - services.recommendation.main - INFO - [t_226992a7] POST /score - user_id=step5_demo_user, city=tokyo, tags=['ramen'], intent=None, memory_confidence=None
2026-03-03 00:59:01,245 - services.recommendation.main - INFO - [t_226992a7] Stage 1: Recall (CZ city-only, EZ global)
2026-03-03 00:59:01,246 - services.recommendation.db - INFO - Loaded 15 items for city: tokyo
2026-03-03 00:59:01,246 - services.recommendation.db - INFO - Title sanitization: changed=0 (city=tokyo)
2026-03-03 00:59:01,246 - services.recommendation.recall - INFO - Recall: CZ=15 (city-only), EZ=13 (city-only, excellence >= 0.8)
2026-03-03 00:59:01,246 - services.recommendation.main - INFO - [t_226992a7] Recall: CZ=15 (city-only), EZ=13 (global)
2026-03-03 00:59:01,246 - services.recommendation.main - INFO - [t_226992a7] Stage 2: Rerank (v1.3)
2026-03-03 00:59:01,276 - services.recommendation.rerank - INFO - Rerank: 10 CZ items (filtered 15 → 15), 0 EZ items
2026-03-03 00:59:01,276 - services.recommendation.rerank - INFO - Top 5 CZ memory_influence: [1.1871, 1.1859, 1.1851, 1.1933, 1.1693]
2026-03-03 00:59:01,276 - services.recommendation.main - INFO - [t_226992a7] Rerank: 10 CZ, 0 EZ
2026-03-03 00:59:01,276 - services.recommendation.mix_policy - INFO - Mix policy: 3 CZ + 0 EZ (ratio=3:0, rule=only_cz_available, delta=inf, intent=balanced, mem_conf=0.50)
2026-03-03 00:59:01,276 - services.recommendation.main - INFO - [t_226992a7] Mix policy: only_cz_available (ratio=3:0, conf=1.00)
2026-03-03 00:59:01,276 - services.recommendation.main - INFO - [t_226992a7] Non-finite response fields sanitized count=3 sample=['mix_policy.inputs_used.delta', 'mix_policy.delta', 'decision_trace.mix_policy.components.delta']
2026-03-03 00:59:01,276 - services.recommendation.main - INFO - [t_226992a7] Response ready
INFO:     127.0.0.1:64662 - "POST /score HTTP/1.1" 200 OK
2026-03-03 00:59:08,656 - services.recommendation.main - INFO - [t_9bbb0b32] POST /score - user_id=step5_demo_user, city=tokyo, tags=['ramen'], intent=balanced, memory_confidence=0.0
2026-03-03 00:59:08,656 - services.recommendation.main - INFO - [t_9bbb0b32] Stage 1: Recall (CZ city-only, EZ global)
2026-03-03 00:59:08,660 - services.recommendation.db - INFO - Loaded 15 items for city: tokyo
2026-03-03 00:59:08,660 - services.recommendation.db - INFO - Title sanitization: changed=0 (city=tokyo)
2026-03-03 00:59:08,660 - services.recommendation.recall - INFO - Recall: CZ=15 (city-only), EZ=13 (city-only, excellence >= 0.8)
2026-03-03 00:59:08,660 - services.recommendation.main - INFO - [t_9bbb0b32] Recall: CZ=15 (city-only), EZ=13 (global)
2026-03-03 00:59:08,660 - services.recommendation.main - INFO - [t_9bbb0b32] Stage 2: Rerank (v1.3)
2026-03-03 00:59:08,714 - services.recommendation.rerank - INFO - Rerank: 10 CZ items (filtered 15 → 15), 0 EZ items
2026-03-03 00:59:08,714 - services.recommendation.rerank - INFO - Top 5 CZ memory_influence: [1.1871, 1.1859, 1.1851, 1.1933, 1.1693]
2026-03-03 00:59:08,714 - services.recommendation.main - INFO - [t_9bbb0b32] Rerank: 10 CZ, 0 EZ
2026-03-03 00:59:08,714 - services.recommendation.mix_policy - INFO - Mix policy: 3 CZ + 0 EZ (ratio=3:0, rule=only_cz_available, delta=inf, intent=balanced, mem_conf=0.00)
2026-03-03 00:59:08,714 - services.recommendation.main - INFO - [t_9bbb0b32] Mix policy: only_cz_available (ratio=3:0, conf=1.00)
2026-03-03 00:59:08,714 - services.recommendation.main - INFO - [t_9bbb0b32] Non-finite response fields sanitized count=3 sample=['mix_policy.inputs_used.delta', 'mix_policy.delta', 'decision_trace.mix_policy.components.delta']
2026-03-03 00:59:08,714 - services.recommendation.main - INFO - [t_9bbb0b32] Response ready
INFO:     127.0.0.1:64704 - "POST /score HTTP/1.1" 200 OK
2026-03-03 00:59:08,799 - services.recommendation.main - INFO - [t_3d144578] POST /score - user_id=step5_demo_user, city=tokyo, tags=['ramen'], intent=None, memory_confidence=None
2026-03-03 00:59:08,799 - services.recommendation.main - INFO - [t_3d144578] Stage 1: Recall (CZ city-only, EZ global)
2026-03-03 00:59:08,801 - services.recommendation.db - INFO - Loaded 15 items for city: tokyo
2026-03-03 00:59:08,801 - services.recommendation.db - INFO - Title sanitization: changed=0 (city=tokyo)
2026-03-03 00:59:08,801 - services.recommendation.recall - INFO - Recall: CZ=15 (city-only), EZ=13 (city-only, excellence >= 0.8)
2026-03-03 00:59:08,801 - services.recommendation.main - INFO - [t_3d144578] Recall: CZ=15 (city-only), EZ=13 (global)
2026-03-03 00:59:08,801 - services.recommendation.main - INFO - [t_3d144578] Stage 2: Rerank (v1.3)
2026-03-03 00:59:08,835 - services.recommendation.rerank - INFO - Rerank: 10 CZ items (filtered 15 → 15), 0 EZ items
2026-03-03 00:59:08,835 - services.recommendation.rerank - INFO - Top 5 CZ memory_influence: [1.1871, 1.1859, 1.1851, 1.1933, 1.1693]
2026-03-03 00:59:08,835 - services.recommendation.main - INFO - [t_3d144578] Rerank: 10 CZ, 0 EZ
2026-03-03 00:59:08,835 - services.recommendation.mix_policy - INFO - Mix policy: 3 CZ + 0 EZ (ratio=3:0, rule=only_cz_available, delta=inf, intent=balanced, mem_conf=0.50)
2026-03-03 00:59:08,835 - services.recommendation.main - INFO - [t_3d144578] Mix policy: only_cz_available (ratio=3:0, conf=1.00)
2026-03-03 00:59:08,835 - services.recommendation.main - INFO - [t_3d144578] Non-finite response fields sanitized count=3 sample=['mix_policy.inputs_used.delta', 'mix_policy.delta', 'decision_trace.mix_policy.components.delta']
2026-03-03 00:59:08,835 - services.recommendation.main - INFO - [t_3d144578] Response ready
INFO:     127.0.0.1:64738 - "POST /score HTTP/1.1" 200 OK
2026-03-03 00:59:14,644 - services.recommendation.main - INFO - [t_6db64952] POST /score - user_id=step5_demo_user, city=tokyo, tags=['ramen', 'street_food'], intent=balanced, memory_confidence=0.0
2026-03-03 00:59:14,644 - services.recommendation.main - INFO - [t_6db64952] Stage 1: Recall (CZ city-only, EZ global)
2026-03-03 00:59:14,647 - services.recommendation.db - INFO - Loaded 15 items for city: tokyo
2026-03-03 00:59:14,647 - services.recommendation.db - INFO - Title sanitization: changed=0 (city=tokyo)
2026-03-03 00:59:14,647 - services.recommendation.recall - INFO - Recall: CZ=15 (city-only), EZ=13 (city-only, excellence >= 0.8)
2026-03-03 00:59:14,647 - services.recommendation.main - INFO - [t_6db64952] Recall: CZ=15 (city-only), EZ=13 (global)
2026-03-03 00:59:14,647 - services.recommendation.main - INFO - [t_6db64952] Stage 2: Rerank (v1.3)
2026-03-03 00:59:14,701 - services.recommendation.rerank - INFO - Rerank: 10 CZ items (filtered 15 → 15), 0 EZ items
2026-03-03 00:59:14,701 - services.recommendation.rerank - INFO - Top 5 CZ memory_influence: [1.1722, 1.1717, 1.1679, 1.1981, 1.1671]
2026-03-03 00:59:14,701 - services.recommendation.main - INFO - [t_6db64952] Rerank: 10 CZ, 0 EZ
2026-03-03 00:59:14,701 - services.recommendation.mix_policy - INFO - Mix policy: 3 CZ + 0 EZ (ratio=3:0, rule=only_cz_available, delta=inf, intent=balanced, mem_conf=0.00)
2026-03-03 00:59:14,702 - services.recommendation.main - INFO - [t_6db64952] Mix policy: only_cz_available (ratio=3:0, conf=1.00)
2026-03-03 00:59:14,702 - services.recommendation.main - INFO - [t_6db64952] Non-finite response fields sanitized count=3 sample=['mix_policy.inputs_used.delta', 'mix_policy.delta', 'decision_trace.mix_policy.components.delta']
2026-03-03 00:59:14,702 - services.recommendation.main - INFO - [t_6db64952] Response ready
INFO:     127.0.0.1:64789 - "POST /score HTTP/1.1" 200 OK
2026-03-03 00:59:14,789 - services.recommendation.main - INFO - [t_e317a1cf] POST /score - user_id=step5_demo_user, city=tokyo, tags=['ramen'], intent=None, memory_confidence=None
2026-03-03 00:59:14,789 - services.recommendation.main - INFO - [t_e317a1cf] Stage 1: Recall (CZ city-only, EZ global)
2026-03-03 00:59:14,791 - services.recommendation.db - INFO - Loaded 15 items for city: tokyo
2026-03-03 00:59:14,791 - services.recommendation.db - INFO - Title sanitization: changed=0 (city=tokyo)
2026-03-03 00:59:14,791 - services.recommendation.recall - INFO - Recall: CZ=15 (city-only), EZ=13 (city-only, excellence >= 0.8)
2026-03-03 00:59:14,791 - services.recommendation.main - INFO - [t_e317a1cf] Recall: CZ=15 (city-only), EZ=13 (global)
2026-03-03 00:59:14,791 - services.recommendation.main - INFO - [t_e317a1cf] Stage 2: Rerank (v1.3)
2026-03-03 00:59:14,829 - services.recommendation.rerank - INFO - Rerank: 10 CZ items (filtered 15 → 15), 0 EZ items
2026-03-03 00:59:14,829 - services.recommendation.rerank - INFO - Top 5 CZ memory_influence: [1.1871, 1.1859, 1.1851, 1.1933, 1.1693]
2026-03-03 00:59:14,829 - services.recommendation.main - INFO - [t_e317a1cf] Rerank: 10 CZ, 0 EZ
2026-03-03 00:59:14,829 - services.recommendation.mix_policy - INFO - Mix policy: 3 CZ + 0 EZ (ratio=3:0, rule=only_cz_available, delta=inf, intent=balanced, mem_conf=0.50)
2026-03-03 00:59:14,829 - services.recommendation.main - INFO - [t_e317a1cf] Mix policy: only_cz_available (ratio=3:0, conf=1.00)
2026-03-03 00:59:14,829 - services.recommendation.main - INFO - [t_e317a1cf] Non-finite response fields sanitized count=3 sample=['mix_policy.inputs_used.delta', 'mix_policy.delta', 'decision_trace.mix_policy.components.delta']
2026-03-03 00:59:14,829 - services.recommendation.main - INFO - [t_e317a1cf] Response ready
INFO:     127.0.0.1:64822 - "POST /score HTTP/1.1" 200 OK
2026-03-03 00:59:20,457 - services.recommendation.main - INFO - [t_00605d91] POST /score - user_id=step5_demo_user, city=tokyo, tags=['ramen'], intent=balanced, memory_confidence=0.0
2026-03-03 00:59:20,457 - services.recommendation.main - INFO - [t_00605d91] Stage 1: Recall (CZ city-only, EZ global)
2026-03-03 00:59:20,461 - services.recommendation.db - INFO - Loaded 15 items for city: tokyo
2026-03-03 00:59:20,461 - services.recommendation.db - INFO - Title sanitization: changed=0 (city=tokyo)
2026-03-03 00:59:20,461 - services.recommendation.recall - INFO - Recall: CZ=15 (city-only), EZ=13 (city-only, excellence >= 0.8)
2026-03-03 00:59:20,461 - services.recommendation.main - INFO - [t_00605d91] Recall: CZ=15 (city-only), EZ=13 (global)
2026-03-03 00:59:20,461 - services.recommendation.main - INFO - [t_00605d91] Stage 2: Rerank (v1.3)
2026-03-03 00:59:20,507 - services.recommendation.rerank - INFO - Rerank: 10 CZ items (filtered 15 → 15), 0 EZ items
2026-03-03 00:59:20,507 - services.recommendation.rerank - INFO - Top 5 CZ memory_influence: [1.1871, 1.1859, 1.1851, 1.1933, 1.1693]
2026-03-03 00:59:20,508 - services.recommendation.main - INFO - [t_00605d91] Rerank: 10 CZ, 0 EZ
2026-03-03 00:59:20,508 - services.recommendation.mix_policy - INFO - Mix policy: 3 CZ + 0 EZ (ratio=3:0, rule=only_cz_available, delta=inf, intent=balanced, mem_conf=0.00)
2026-03-03 00:59:20,508 - services.recommendation.main - INFO - [t_00605d91] Mix policy: only_cz_available (ratio=3:0, conf=1.00)
2026-03-03 00:59:20,508 - services.recommendation.main - INFO - [t_00605d91] Non-finite response fields sanitized count=3 sample=['mix_policy.inputs_used.delta', 'mix_policy.delta', 'decision_trace.mix_policy.components.delta']
2026-03-03 00:59:20,508 - services.recommendation.main - INFO - [t_00605d91] Response ready
INFO:     127.0.0.1:64864 - "POST /score HTTP/1.1" 200 OK
2026-03-03 00:59:20,593 - services.recommendation.main - INFO - [t_bd183378] POST /score - user_id=step5_demo_user, city=tokyo, tags=['ramen'], intent=None, memory_confidence=None
2026-03-03 00:59:20,593 - services.recommendation.main - INFO - [t_bd183378] Stage 1: Recall (CZ city-only, EZ global)
2026-03-03 00:59:20,595 - services.recommendation.db - INFO - Loaded 15 items for city: tokyo
2026-03-03 00:59:20,595 - services.recommendation.db - INFO - Title sanitization: changed=0 (city=tokyo)
2026-03-03 00:59:20,595 - services.recommendation.recall - INFO - Recall: CZ=15 (city-only), EZ=13 (city-only, excellence >= 0.8)
2026-03-03 00:59:20,595 - services.recommendation.main - INFO - [t_bd183378] Recall: CZ=15 (city-only), EZ=13 (global)
2026-03-03 00:59:20,595 - services.recommendation.main - INFO - [t_bd183378] Stage 2: Rerank (v1.3)
2026-03-03 00:59:20,631 - services.recommendation.rerank - INFO - Rerank: 10 CZ items (filtered 15 → 15), 0 EZ items
2026-03-03 00:59:20,631 - services.recommendation.rerank - INFO - Top 5 CZ memory_influence: [1.1871, 1.1859, 1.1851, 1.1933, 1.1693]
2026-03-03 00:59:20,631 - services.recommendation.main - INFO - [t_bd183378] Rerank: 10 CZ, 0 EZ
2026-03-03 00:59:20,631 - services.recommendation.mix_policy - INFO - Mix policy: 3 CZ + 0 EZ (ratio=3:0, rule=only_cz_available, delta=inf, intent=balanced, mem_conf=0.50)
2026-03-03 00:59:20,631 - services.recommendation.main - INFO - [t_bd183378] Mix policy: only_cz_available (ratio=3:0, conf=1.00)
2026-03-03 00:59:20,632 - services.recommendation.main - INFO - [t_bd183378] Non-finite response fields sanitized count=3 sample=['mix_policy.inputs_used.delta', 'mix_policy.delta', 'decision_trace.mix_policy.components.delta']
2026-03-03 00:59:20,632 - services.recommendation.main - INFO - [t_bd183378] Response ready
INFO:     127.0.0.1:64897 - "POST /score HTTP/1.1" 200 OK
2026-03-03 00:59:26,428 - services.recommendation.main - INFO - [t_fb6e5b42] POST /score - user_id=step5_demo_user, city=tokyo, tags=['ramen'], intent=balanced, memory_confidence=0.0
2026-03-03 00:59:26,428 - services.recommendation.main - INFO - [t_fb6e5b42] Stage 1: Recall (CZ city-only, EZ global)
2026-03-03 00:59:26,431 - services.recommendation.db - INFO - Loaded 15 items for city: tokyo
2026-03-03 00:59:26,431 - services.recommendation.db - INFO - Title sanitization: changed=0 (city=tokyo)
2026-03-03 00:59:26,431 - services.recommendation.recall - INFO - Recall: CZ=15 (city-only), EZ=13 (city-only, excellence >= 0.8)
2026-03-03 00:59:26,431 - services.recommendation.main - INFO - [t_fb6e5b42] Recall: CZ=15 (city-only), EZ=13 (global)
2026-03-03 00:59:26,431 - services.recommendation.main - INFO - [t_fb6e5b42] Stage 2: Rerank (v1.3)
2026-03-03 00:59:26,480 - services.recommendation.rerank - INFO - Rerank: 10 CZ items (filtered 15 → 15), 0 EZ items
2026-03-03 00:59:26,480 - services.recommendation.rerank - INFO - Top 5 CZ memory_influence: [1.1871, 1.1859, 1.1851, 1.1933, 1.1693]
2026-03-03 00:59:26,480 - services.recommendation.main - INFO - [t_fb6e5b42] Rerank: 10 CZ, 0 EZ
2026-03-03 00:59:26,480 - services.recommendation.mix_policy - INFO - Mix policy: 3 CZ + 0 EZ (ratio=3:0, rule=only_cz_available, delta=inf, intent=balanced, mem_conf=0.00)
2026-03-03 00:59:26,480 - services.recommendation.main - INFO - [t_fb6e5b42] Mix policy: only_cz_available (ratio=3:0, conf=1.00)
2026-03-03 00:59:26,480 - services.recommendation.main - INFO - [t_fb6e5b42] Non-finite response fields sanitized count=3 sample=['mix_policy.inputs_used.delta', 'mix_policy.delta', 'decision_trace.mix_policy.components.delta']
2026-03-03 00:59:26,480 - services.recommendation.main - INFO - [t_fb6e5b42] Response ready
INFO:     127.0.0.1:64940 - "POST /score HTTP/1.1" 200 OK
2026-03-03 00:59:26,565 - services.recommendation.main - INFO - [t_28ec64e4] POST /score - user_id=step5_demo_user, city=tokyo, tags=['ramen'], intent=None, memory_confidence=None
2026-03-03 00:59:26,566 - services.recommendation.main - INFO - [t_28ec64e4] Stage 1: Recall (CZ city-only, EZ global)
2026-03-03 00:59:26,567 - services.recommendation.db - INFO - Loaded 15 items for city: tokyo
2026-03-03 00:59:26,567 - services.recommendation.db - INFO - Title sanitization: changed=0 (city=tokyo)
2026-03-03 00:59:26,567 - services.recommendation.recall - INFO - Recall: CZ=15 (city-only), EZ=13 (city-only, excellence >= 0.8)
2026-03-03 00:59:26,567 - services.recommendation.main - INFO - [t_28ec64e4] Recall: CZ=15 (city-only), EZ=13 (global)
2026-03-03 00:59:26,567 - services.recommendation.main - INFO - [t_28ec64e4] Stage 2: Rerank (v1.3)
2026-03-03 00:59:26,601 - services.recommendation.rerank - INFO - Rerank: 10 CZ items (filtered 15 → 15), 0 EZ items
2026-03-03 00:59:26,601 - services.recommendation.rerank - INFO - Top 5 CZ memory_influence: [1.1871, 1.1859, 1.1851, 1.1933, 1.1693]
2026-03-03 00:59:26,601 - services.recommendation.main - INFO - [t_28ec64e4] Rerank: 10 CZ, 0 EZ
2026-03-03 00:59:26,602 - services.recommendation.mix_policy - INFO - Mix policy: 3 CZ + 0 EZ (ratio=3:0, rule=only_cz_available, delta=inf, intent=balanced, mem_conf=0.50)
2026-03-03 00:59:26,602 - services.recommendation.main - INFO - [t_28ec64e4] Mix policy: only_cz_available (ratio=3:0, conf=1.00)
2026-03-03 00:59:26,602 - services.recommendation.main - INFO - [t_28ec64e4] Non-finite response fields sanitized count=3 sample=['mix_policy.inputs_used.delta', 'mix_policy.delta', 'decision_trace.mix_policy.components.delta']
2026-03-03 00:59:26,602 - services.recommendation.main - INFO - [t_28ec64e4] Response ready
INFO:     127.0.0.1:64973 - "POST /score HTTP/1.1" 200 OK
2026-03-03 00:59:35,285 - services.recommendation.main - INFO - [t_7a97a7c6] POST /score - user_id=step5_demo_user, city=tokyo, tags=['ramen'], intent=balanced, memory_confidence=0.0
2026-03-03 00:59:35,286 - services.recommendation.main - INFO - [t_7a97a7c6] Stage 1: Recall (CZ city-only, EZ global)
2026-03-03 00:59:35,292 - services.recommendation.db - INFO - Loaded 15 items for city: tokyo
2026-03-03 00:59:35,292 - services.recommendation.db - INFO - Title sanitization: changed=0 (city=tokyo)
2026-03-03 00:59:35,292 - services.recommendation.recall - INFO - Recall: CZ=15 (city-only), EZ=13 (city-only, excellence >= 0.8)
2026-03-03 00:59:35,292 - services.recommendation.main - INFO - [t_7a97a7c6] Recall: CZ=15 (city-only), EZ=13 (global)
2026-03-03 00:59:35,292 - services.recommendation.main - INFO - [t_7a97a7c6] Stage 2: Rerank (v1.3)
2026-03-03 00:59:35,332 - services.recommendation.rerank - INFO - Rerank: 10 CZ items (filtered 15 → 15), 0 EZ items
2026-03-03 00:59:35,332 - services.recommendation.rerank - INFO - Top 5 CZ memory_influence: [1.1871, 1.1859, 1.1851, 1.1933, 1.1693]
2026-03-03 00:59:35,332 - services.recommendation.main - INFO - [t_7a97a7c6] Rerank: 10 CZ, 0 EZ
2026-03-03 00:59:35,332 - services.recommendation.mix_policy - INFO - Mix policy: 3 CZ + 0 EZ (ratio=3:0, rule=only_cz_available, delta=inf, intent=balanced, mem_conf=0.00)
2026-03-03 00:59:35,332 - services.recommendation.main - INFO - [t_7a97a7c6] Mix policy: only_cz_available (ratio=3:0, conf=1.00)
2026-03-03 00:59:35,332 - services.recommendation.main - INFO - [t_7a97a7c6] Non-finite response fields sanitized count=3 sample=['mix_policy.inputs_used.delta', 'mix_policy.delta', 'decision_trace.mix_policy.components.delta']
2026-03-03 00:59:35,332 - services.recommendation.main - INFO - [t_7a97a7c6] Response ready
INFO:     127.0.0.1:65016 - "POST /score HTTP/1.1" 200 OK
2026-03-03 00:59:35,418 - services.recommendation.main - INFO - [t_40c1d7a3] POST /score - user_id=step5_demo_user, city=tokyo, tags=['ramen'], intent=None, memory_confidence=None
2026-03-03 00:59:35,418 - services.recommendation.main - INFO - [t_40c1d7a3] Stage 1: Recall (CZ city-only, EZ global)
2026-03-03 00:59:35,420 - services.recommendation.db - INFO - Loaded 15 items for city: tokyo
2026-03-03 00:59:35,420 - services.recommendation.db - INFO - Title sanitization: changed=0 (city=tokyo)
2026-03-03 00:59:35,420 - services.recommendation.recall - INFO - Recall: CZ=15 (city-only), EZ=13 (city-only, excellence >= 0.8)
2026-03-03 00:59:35,420 - services.recommendation.main - INFO - [t_40c1d7a3] Recall: CZ=15 (city-only), EZ=13 (global)
2026-03-03 00:59:35,420 - services.recommendation.main - INFO - [t_40c1d7a3] Stage 2: Rerank (v1.3)
2026-03-03 00:59:35,456 - services.recommendation.rerank - INFO - Rerank: 10 CZ items (filtered 15 → 15), 0 EZ items
2026-03-03 00:59:35,456 - services.recommendation.rerank - INFO - Top 5 CZ memory_influence: [1.1871, 1.1859, 1.1851, 1.1933, 1.1693]
2026-03-03 00:59:35,456 - services.recommendation.main - INFO - [t_40c1d7a3] Rerank: 10 CZ, 0 EZ
2026-03-03 00:59:35,456 - services.recommendation.mix_policy - INFO - Mix policy: 3 CZ + 0 EZ (ratio=3:0, rule=only_cz_available, delta=inf, intent=balanced, mem_conf=0.50)
2026-03-03 00:59:35,456 - services.recommendation.main - INFO - [t_40c1d7a3] Mix policy: only_cz_available (ratio=3:0, conf=1.00)
2026-03-03 00:59:35,456 - services.recommendation.main - INFO - [t_40c1d7a3] Non-finite response fields sanitized count=3 sample=['mix_policy.inputs_used.delta', 'mix_policy.delta', 'decision_trace.mix_policy.components.delta']
2026-03-03 00:59:35,457 - services.recommendation.main - INFO - [t_40c1d7a3] Response ready
INFO:     127.0.0.1:65049 - "POST /score HTTP/1.1" 200 OK
2026-03-03 00:59:42,096 - services.recommendation.main - INFO - [t_c916e46c] POST /score - user_id=step5_demo_user, city=tokyo, tags=['ramen', 'street_food'], intent=balanced, memory_confidence=0.0
2026-03-03 00:59:42,096 - services.recommendation.main - INFO - [t_c916e46c] Stage 1: Recall (CZ city-only, EZ global)
2026-03-03 00:59:42,099 - services.recommendation.db - INFO - Loaded 15 items for city: tokyo
2026-03-03 00:59:42,099 - services.recommendation.db - INFO - Title sanitization: changed=0 (city=tokyo)
2026-03-03 00:59:42,099 - services.recommendation.recall - INFO - Recall: CZ=15 (city-only), EZ=13 (city-only, excellence >= 0.8)
2026-03-03 00:59:42,099 - services.recommendation.main - INFO - [t_c916e46c] Recall: CZ=15 (city-only), EZ=13 (global)
2026-03-03 00:59:42,099 - services.recommendation.main - INFO - [t_c916e46c] Stage 2: Rerank (v1.3)
2026-03-03 00:59:42,147 - services.recommendation.rerank - INFO - Rerank: 10 CZ items (filtered 15 → 15), 0 EZ items
2026-03-03 00:59:42,147 - services.recommendation.rerank - INFO - Top 5 CZ memory_influence: [1.1722, 1.1717, 1.1679, 1.1981, 1.1671]
2026-03-03 00:59:42,147 - services.recommendation.main - INFO - [t_c916e46c] Rerank: 10 CZ, 0 EZ
2026-03-03 00:59:42,147 - services.recommendation.mix_policy - INFO - Mix policy: 3 CZ + 0 EZ (ratio=3:0, rule=only_cz_available, delta=inf, intent=balanced, mem_conf=0.00)
2026-03-03 00:59:42,147 - services.recommendation.main - INFO - [t_c916e46c] Mix policy: only_cz_available (ratio=3:0, conf=1.00)
2026-03-03 00:59:42,147 - services.recommendation.main - INFO - [t_c916e46c] Non-finite response fields sanitized count=3 sample=['mix_policy.inputs_used.delta', 'mix_policy.delta', 'decision_trace.mix_policy.components.delta']
2026-03-03 00:59:42,147 - services.recommendation.main - INFO - [t_c916e46c] Response ready
INFO:     127.0.0.1:65095 - "POST /score HTTP/1.1" 200 OK
2026-03-03 00:59:42,238 - services.recommendation.main - INFO - [t_09fffaeb] POST /score - user_id=step5_demo_user, city=tokyo, tags=['ramen'], intent=None, memory_confidence=None
2026-03-03 00:59:42,238 - services.recommendation.main - INFO - [t_09fffaeb] Stage 1: Recall (CZ city-only, EZ global)
2026-03-03 00:59:42,240 - services.recommendation.db - INFO - Loaded 15 items for city: tokyo
2026-03-03 00:59:42,240 - services.recommendation.db - INFO - Title sanitization: changed=0 (city=tokyo)
2026-03-03 00:59:42,240 - services.recommendation.recall - INFO - Recall: CZ=15 (city-only), EZ=13 (city-only, excellence >= 0.8)
2026-03-03 00:59:42,240 - services.recommendation.main - INFO - [t_09fffaeb] Recall: CZ=15 (city-only), EZ=13 (global)
2026-03-03 00:59:42,240 - services.recommendation.main - INFO - [t_09fffaeb] Stage 2: Rerank (v1.3)
2026-03-03 00:59:42,276 - services.recommendation.rerank - INFO - Rerank: 10 CZ items (filtered 15 → 15), 0 EZ items
2026-03-03 00:59:42,276 - services.recommendation.rerank - INFO - Top 5 CZ memory_influence: [1.1871, 1.1859, 1.1851, 1.1933, 1.1693]
2026-03-03 00:59:42,276 - services.recommendation.main - INFO - [t_09fffaeb] Rerank: 10 CZ, 0 EZ
2026-03-03 00:59:42,276 - services.recommendation.mix_policy - INFO - Mix policy: 3 CZ + 0 EZ (ratio=3:0, rule=only_cz_available, delta=inf, intent=balanced, mem_conf=0.50)
2026-03-03 00:59:42,276 - services.recommendation.main - INFO - [t_09fffaeb] Mix policy: only_cz_available (ratio=3:0, conf=1.00)
2026-03-03 00:59:42,276 - services.recommendation.main - INFO - [t_09fffaeb] Non-finite response fields sanitized count=3 sample=['mix_policy.inputs_used.delta', 'mix_policy.delta', 'decision_trace.mix_policy.components.delta']
2026-03-03 00:59:42,276 - services.recommendation.main - INFO - [t_09fffaeb] Response ready
INFO:     127.0.0.1:65128 - "POST /score HTTP/1.1" 200 OK
2026-03-03 01:06:15,558 - services.recommendation.main - INFO - [t_0c07e120] POST /score - user_id=step5_demo_user, city=tokyo, tags=['ramen'], intent=balanced, memory_confidence=0.0
2026-03-03 01:06:15,559 - services.recommendation.main - INFO - [t_0c07e120] Stage 1: Recall (CZ city-only, EZ global)
2026-03-03 01:06:15,567 - services.recommendation.db - INFO - Loaded 15 items for city: tokyo
2026-03-03 01:06:15,567 - services.recommendation.db - INFO - Title sanitization: changed=0 (city=tokyo)
2026-03-03 01:06:15,567 - services.recommendation.recall - INFO - Recall: CZ=15 (city-only), EZ=13 (city-only, excellence >= 0.8)
2026-03-03 01:06:15,567 - services.recommendation.main - INFO - [t_0c07e120] Recall: CZ=15 (city-only), EZ=13 (global)
2026-03-03 01:06:15,567 - services.recommendation.main - INFO - [t_0c07e120] Stage 2: Rerank (v1.3)
2026-03-03 01:06:15,600 - services.recommendation.rerank - INFO - Rerank: 10 CZ items (filtered 15 → 15), 0 EZ items
2026-03-03 01:06:15,600 - services.recommendation.rerank - INFO - Top 5 CZ memory_influence: [1.1871, 1.1859, 1.1851, 1.1933, 1.1693]
2026-03-03 01:06:15,600 - services.recommendation.main - INFO - [t_0c07e120] Rerank: 10 CZ, 0 EZ
2026-03-03 01:06:15,600 - services.recommendation.mix_policy - INFO - Mix policy: 3 CZ + 0 EZ (ratio=3:0, rule=only_cz_available, delta=inf, intent=balanced, mem_conf=0.00)
2026-03-03 01:06:15,600 - services.recommendation.main - INFO - [t_0c07e120] Mix policy: only_cz_available (ratio=3:0, conf=1.00)
2026-03-03 01:06:15,600 - services.recommendation.main - INFO - [t_0c07e120] Non-finite response fields sanitized count=3 sample=['mix_policy.inputs_used.delta', 'mix_policy.delta', 'decision_trace.mix_policy.components.delta']
2026-03-03 01:06:15,600 - services.recommendation.main - INFO - [t_0c07e120] Response ready
INFO:     127.0.0.1:65260 - "POST /score HTTP/1.1" 200 OK
2026-03-03 01:06:15,690 - services.recommendation.main - INFO - [t_ce6e9322] POST /score - user_id=step5_demo_user, city=tokyo, tags=['food', 'ramen'], intent=None, memory_confidence=None
2026-03-03 01:06:15,690 - services.recommendation.main - INFO - [t_ce6e9322] Stage 1: Recall (CZ city-only, EZ global)
2026-03-03 01:06:15,691 - services.recommendation.db - INFO - Loaded 15 items for city: tokyo
2026-03-03 01:06:15,691 - services.recommendation.db - INFO - Title sanitization: changed=0 (city=tokyo)
2026-03-03 01:06:15,691 - services.recommendation.recall - INFO - Recall: CZ=15 (city-only), EZ=13 (city-only, excellence >= 0.8)
2026-03-03 01:06:15,691 - services.recommendation.main - INFO - [t_ce6e9322] Recall: CZ=15 (city-only), EZ=13 (global)
2026-03-03 01:06:15,691 - services.recommendation.main - INFO - [t_ce6e9322] Stage 2: Rerank (v1.3)
2026-03-03 01:06:15,730 - services.recommendation.rerank - INFO - Rerank: 10 CZ items (filtered 15 → 15), 0 EZ items
2026-03-03 01:06:15,730 - services.recommendation.rerank - INFO - Top 5 CZ memory_influence: [1.1741, 1.1693, 1.1648, 1.1633, 1.1936]
2026-03-03 01:06:15,730 - services.recommendation.main - INFO - [t_ce6e9322] Rerank: 10 CZ, 0 EZ
2026-03-03 01:06:15,730 - services.recommendation.mix_policy - INFO - Mix policy: 3 CZ + 0 EZ (ratio=3:0, rule=only_cz_available, delta=inf, intent=balanced, mem_conf=0.50)
2026-03-03 01:06:15,730 - services.recommendation.main - INFO - [t_ce6e9322] Mix policy: only_cz_available (ratio=3:0, conf=1.00)
2026-03-03 01:06:15,730 - services.recommendation.main - INFO - [t_ce6e9322] Non-finite response fields sanitized count=3 sample=['mix_policy.inputs_used.delta', 'mix_policy.delta', 'decision_trace.mix_policy.components.delta']
2026-03-03 01:06:15,730 - services.recommendation.main - INFO - [t_ce6e9322] Response ready
INFO:     127.0.0.1:65293 - "POST /score HTTP/1.1" 200 OK
2026-03-03 01:06:23,229 - services.recommendation.main - INFO - [t_033b44f8] POST /score - user_id=step5_demo_user, city=tokyo, tags=['ramen'], intent=balanced, memory_confidence=0.0
2026-03-03 01:06:23,229 - services.recommendation.main - INFO - [t_033b44f8] Stage 1: Recall (CZ city-only, EZ global)
2026-03-03 01:06:23,234 - services.recommendation.db - INFO - Loaded 15 items for city: tokyo
2026-03-03 01:06:23,234 - services.recommendation.db - INFO - Title sanitization: changed=0 (city=tokyo)
2026-03-03 01:06:23,234 - services.recommendation.recall - INFO - Recall: CZ=15 (city-only), EZ=13 (city-only, excellence >= 0.8)
2026-03-03 01:06:23,234 - services.recommendation.main - INFO - [t_033b44f8] Recall: CZ=15 (city-only), EZ=13 (global)
2026-03-03 01:06:23,234 - services.recommendation.main - INFO - [t_033b44f8] Stage 2: Rerank (v1.3)
2026-03-03 01:06:23,272 - services.recommendation.rerank - INFO - Rerank: 10 CZ items (filtered 15 → 15), 0 EZ items
2026-03-03 01:06:23,272 - services.recommendation.rerank - INFO - Top 5 CZ memory_influence: [1.1871, 1.1859, 1.1851, 1.1933, 1.1693]
2026-03-03 01:06:23,272 - services.recommendation.main - INFO - [t_033b44f8] Rerank: 10 CZ, 0 EZ
2026-03-03 01:06:23,272 - services.recommendation.mix_policy - INFO - Mix policy: 3 CZ + 0 EZ (ratio=3:0, rule=only_cz_available, delta=inf, intent=balanced, mem_conf=0.00)
2026-03-03 01:06:23,272 - services.recommendation.main - INFO - [t_033b44f8] Mix policy: only_cz_available (ratio=3:0, conf=1.00)
2026-03-03 01:06:23,272 - services.recommendation.main - INFO - [t_033b44f8] Non-finite response fields sanitized count=3 sample=['mix_policy.inputs_used.delta', 'mix_policy.delta', 'decision_trace.mix_policy.components.delta']
2026-03-03 01:06:23,272 - services.recommendation.main - INFO - [t_033b44f8] Response ready
INFO:     127.0.0.1:65340 - "POST /score HTTP/1.1" 200 OK
2026-03-03 01:06:23,358 - services.recommendation.main - INFO - [t_fe15378e] POST /score - user_id=step5_demo_user, city=tokyo, tags=['food', 'ramen'], intent=None, memory_confidence=None
2026-03-03 01:06:23,358 - services.recommendation.main - INFO - [t_fe15378e] Stage 1: Recall (CZ city-only, EZ global)
2026-03-03 01:06:23,360 - services.recommendation.db - INFO - Loaded 15 items for city: tokyo
2026-03-03 01:06:23,360 - services.recommendation.db - INFO - Title sanitization: changed=0 (city=tokyo)
2026-03-03 01:06:23,360 - services.recommendation.recall - INFO - Recall: CZ=15 (city-only), EZ=13 (city-only, excellence >= 0.8)
2026-03-03 01:06:23,361 - services.recommendation.main - INFO - [t_fe15378e] Recall: CZ=15 (city-only), EZ=13 (global)
2026-03-03 01:06:23,361 - services.recommendation.main - INFO - [t_fe15378e] Stage 2: Rerank (v1.3)
2026-03-03 01:06:23,394 - services.recommendation.rerank - INFO - Rerank: 10 CZ items (filtered 15 → 15), 0 EZ items
2026-03-03 01:06:23,394 - services.recommendation.rerank - INFO - Top 5 CZ memory_influence: [1.1741, 1.1693, 1.1648, 1.1633, 1.1936]
2026-03-03 01:06:23,394 - services.recommendation.main - INFO - [t_fe15378e] Rerank: 10 CZ, 0 EZ
2026-03-03 01:06:23,394 - services.recommendation.mix_policy - INFO - Mix policy: 3 CZ + 0 EZ (ratio=3:0, rule=only_cz_available, delta=inf, intent=balanced, mem_conf=0.50)
2026-03-03 01:06:23,394 - services.recommendation.main - INFO - [t_fe15378e] Mix policy: only_cz_available (ratio=3:0, conf=1.00)
2026-03-03 01:06:23,394 - services.recommendation.main - INFO - [t_fe15378e] Non-finite response fields sanitized count=3 sample=['mix_policy.inputs_used.delta', 'mix_policy.delta', 'decision_trace.mix_policy.components.delta']
2026-03-03 01:06:23,394 - services.recommendation.main - INFO - [t_fe15378e] Response ready
INFO:     127.0.0.1:65373 - "POST /score HTTP/1.1" 200 OK
2026-03-03 01:06:30,001 - services.recommendation.main - INFO - [t_7fea5c24] POST /score - user_id=step5_demo_user, city=tokyo, tags=['ramen'], intent=balanced, memory_confidence=0.0
2026-03-03 01:06:30,001 - services.recommendation.main - INFO - [t_7fea5c24] Stage 1: Recall (CZ city-only, EZ global)
2026-03-03 01:06:30,005 - services.recommendation.db - INFO - Loaded 15 items for city: tokyo
2026-03-03 01:06:30,005 - services.recommendation.db - INFO - Title sanitization: changed=0 (city=tokyo)
2026-03-03 01:06:30,005 - services.recommendation.recall - INFO - Recall: CZ=15 (city-only), EZ=13 (city-only, excellence >= 0.8)
2026-03-03 01:06:30,005 - services.recommendation.main - INFO - [t_7fea5c24] Recall: CZ=15 (city-only), EZ=13 (global)
2026-03-03 01:06:30,005 - services.recommendation.main - INFO - [t_7fea5c24] Stage 2: Rerank (v1.3)
2026-03-03 01:06:30,052 - services.recommendation.rerank - INFO - Rerank: 10 CZ items (filtered 15 → 15), 0 EZ items
2026-03-03 01:06:30,052 - services.recommendation.rerank - INFO - Top 5 CZ memory_influence: [1.1871, 1.1859, 1.1851, 1.1933, 1.1693]
2026-03-03 01:06:30,052 - services.recommendation.main - INFO - [t_7fea5c24] Rerank: 10 CZ, 0 EZ
2026-03-03 01:06:30,052 - services.recommendation.mix_policy - INFO - Mix policy: 3 CZ + 0 EZ (ratio=3:0, rule=only_cz_available, delta=inf, intent=balanced, mem_conf=0.00)
2026-03-03 01:06:30,052 - services.recommendation.main - INFO - [t_7fea5c24] Mix policy: only_cz_available (ratio=3:0, conf=1.00)
2026-03-03 01:06:30,053 - services.recommendation.main - INFO - [t_7fea5c24] Non-finite response fields sanitized count=3 sample=['mix_policy.inputs_used.delta', 'mix_policy.delta', 'decision_trace.mix_policy.components.delta']
2026-03-03 01:06:30,053 - services.recommendation.main - INFO - [t_7fea5c24] Response ready
INFO:     127.0.0.1:65417 - "POST /score HTTP/1.1" 200 OK
2026-03-03 01:06:30,141 - services.recommendation.main - INFO - [t_69deb8f9] POST /score - user_id=step5_demo_user, city=tokyo, tags=['ramen'], intent=None, memory_confidence=None
2026-03-03 01:06:30,141 - services.recommendation.main - INFO - [t_69deb8f9] Stage 1: Recall (CZ city-only, EZ global)
2026-03-03 01:06:30,143 - services.recommendation.db - INFO - Loaded 15 items for city: tokyo
2026-03-03 01:06:30,143 - services.recommendation.db - INFO - Title sanitization: changed=0 (city=tokyo)
2026-03-03 01:06:30,143 - services.recommendation.recall - INFO - Recall: CZ=15 (city-only), EZ=13 (city-only, excellence >= 0.8)
2026-03-03 01:06:30,143 - services.recommendation.main - INFO - [t_69deb8f9] Recall: CZ=15 (city-only), EZ=13 (global)
2026-03-03 01:06:30,143 - services.recommendation.main - INFO - [t_69deb8f9] Stage 2: Rerank (v1.3)
2026-03-03 01:06:30,178 - services.recommendation.rerank - INFO - Rerank: 10 CZ items (filtered 15 → 15), 0 EZ items
2026-03-03 01:06:30,178 - services.recommendation.rerank - INFO - Top 5 CZ memory_influence: [1.1871, 1.1859, 1.1851, 1.1933, 1.1693]
2026-03-03 01:06:30,178 - services.recommendation.main - INFO - [t_69deb8f9] Rerank: 10 CZ, 0 EZ
2026-03-03 01:06:30,178 - services.recommendation.mix_policy - INFO - Mix policy: 3 CZ + 0 EZ (ratio=3:0, rule=only_cz_available, delta=inf, intent=balanced, mem_conf=0.50)
2026-03-03 01:06:30,178 - services.recommendation.main - INFO - [t_69deb8f9] Mix policy: only_cz_available (ratio=3:0, conf=1.00)
2026-03-03 01:06:30,178 - services.recommendation.main - INFO - [t_69deb8f9] Non-finite response fields sanitized count=3 sample=['mix_policy.inputs_used.delta', 'mix_policy.delta', 'decision_trace.mix_policy.components.delta']
2026-03-03 01:06:30,178 - services.recommendation.main - INFO - [t_69deb8f9] Response ready
INFO:     127.0.0.1:65451 - "POST /score HTTP/1.1" 200 OK
2026-03-03 01:06:35,953 - services.recommendation.main - INFO - [t_fd4dfb8e] POST /score - user_id=step5_demo_user, city=tokyo, tags=['ramen'], intent=balanced, memory_confidence=0.0
2026-03-03 01:06:35,953 - services.recommendation.main - INFO - [t_fd4dfb8e] Stage 1: Recall (CZ city-only, EZ global)
2026-03-03 01:06:35,955 - services.recommendation.db - INFO - Loaded 15 items for city: tokyo
2026-03-03 01:06:35,955 - services.recommendation.db - INFO - Title sanitization: changed=0 (city=tokyo)
2026-03-03 01:06:35,956 - services.recommendation.recall - INFO - Recall: CZ=15 (city-only), EZ=13 (city-only, excellence >= 0.8)
2026-03-03 01:06:35,956 - services.recommendation.main - INFO - [t_fd4dfb8e] Recall: CZ=15 (city-only), EZ=13 (global)
2026-03-03 01:06:35,956 - services.recommendation.main - INFO - [t_fd4dfb8e] Stage 2: Rerank (v1.3)
2026-03-03 01:06:36,003 - services.recommendation.rerank - INFO - Rerank: 10 CZ items (filtered 15 → 15), 0 EZ items
2026-03-03 01:06:36,003 - services.recommendation.rerank - INFO - Top 5 CZ memory_influence: [1.1871, 1.1859, 1.1851, 1.1933, 1.1693]
2026-03-03 01:06:36,003 - services.recommendation.main - INFO - [t_fd4dfb8e] Rerank: 10 CZ, 0 EZ
2026-03-03 01:06:36,003 - services.recommendation.mix_policy - INFO - Mix policy: 3 CZ + 0 EZ (ratio=3:0, rule=only_cz_available, delta=inf, intent=balanced, mem_conf=0.00)
2026-03-03 01:06:36,003 - services.recommendation.main - INFO - [t_fd4dfb8e] Mix policy: only_cz_available (ratio=3:0, conf=1.00)
2026-03-03 01:06:36,003 - services.recommendation.main - INFO - [t_fd4dfb8e] Non-finite response fields sanitized count=3 sample=['mix_policy.inputs_used.delta', 'mix_policy.delta', 'decision_trace.mix_policy.components.delta']
2026-03-03 01:06:36,003 - services.recommendation.main - INFO - [t_fd4dfb8e] Response ready
INFO:     127.0.0.1:65494 - "POST /score HTTP/1.1" 200 OK
2026-03-03 01:06:36,091 - services.recommendation.main - INFO - [t_9f28b4bf] POST /score - user_id=step5_demo_user, city=tokyo, tags=['ramen'], intent=None, memory_confidence=None
2026-03-03 01:06:36,091 - services.recommendation.main - INFO - [t_9f28b4bf] Stage 1: Recall (CZ city-only, EZ global)
2026-03-03 01:06:36,093 - services.recommendation.db - INFO - Loaded 15 items for city: tokyo
2026-03-03 01:06:36,093 - services.recommendation.db - INFO - Title sanitization: changed=0 (city=tokyo)
2026-03-03 01:06:36,093 - services.recommendation.recall - INFO - Recall: CZ=15 (city-only), EZ=13 (city-only, excellence >= 0.8)
2026-03-03 01:06:36,093 - services.recommendation.main - INFO - [t_9f28b4bf] Recall: CZ=15 (city-only), EZ=13 (global)
2026-03-03 01:06:36,093 - services.recommendation.main - INFO - [t_9f28b4bf] Stage 2: Rerank (v1.3)
2026-03-03 01:06:36,131 - services.recommendation.rerank - INFO - Rerank: 10 CZ items (filtered 15 → 15), 0 EZ items
2026-03-03 01:06:36,131 - services.recommendation.rerank - INFO - Top 5 CZ memory_influence: [1.1871, 1.1859, 1.1851, 1.1933, 1.1693]
2026-03-03 01:06:36,131 - services.recommendation.main - INFO - [t_9f28b4bf] Rerank: 10 CZ, 0 EZ
2026-03-03 01:06:36,131 - services.recommendation.mix_policy - INFO - Mix policy: 3 CZ + 0 EZ (ratio=3:0, rule=only_cz_available, delta=inf, intent=balanced, mem_conf=0.50)
2026-03-03 01:06:36,131 - services.recommendation.main - INFO - [t_9f28b4bf] Mix policy: only_cz_available (ratio=3:0, conf=1.00)
2026-03-03 01:06:36,131 - services.recommendation.main - INFO - [t_9f28b4bf] Non-finite response fields sanitized count=3 sample=['mix_policy.inputs_used.delta', 'mix_policy.delta', 'decision_trace.mix_policy.components.delta']
2026-03-03 01:06:36,131 - services.recommendation.main - INFO - [t_9f28b4bf] Response ready
INFO:     127.0.0.1:65527 - "POST /score HTTP/1.1" 200 OK
2026-03-03 01:06:57,697 - services.recommendation.main - INFO - [t_d4824738] POST /score - user_id=step5_demo_user, city=tokyo, tags=['ramen'], intent=balanced, memory_confidence=0.0
2026-03-03 01:06:57,697 - services.recommendation.main - INFO - [t_d4824738] Stage 1: Recall (CZ city-only, EZ global)
2026-03-03 01:06:57,700 - services.recommendation.db - INFO - Loaded 15 items for city: tokyo
2026-03-03 01:06:57,700 - services.recommendation.db - INFO - Title sanitization: changed=0 (city=tokyo)
2026-03-03 01:06:57,700 - services.recommendation.recall - INFO - Recall: CZ=15 (city-only), EZ=13 (city-only, excellence >= 0.8)
2026-03-03 01:06:57,700 - services.recommendation.main - INFO - [t_d4824738] Recall: CZ=15 (city-only), EZ=13 (global)
2026-03-03 01:06:57,700 - services.recommendation.main - INFO - [t_d4824738] Stage 2: Rerank (v1.3)
2026-03-03 01:06:57,730 - services.recommendation.rerank - INFO - Rerank: 10 CZ items (filtered 15 → 15), 0 EZ items
2026-03-03 01:06:57,730 - services.recommendation.rerank - INFO - Top 5 CZ memory_influence: [1.1871, 1.1859, 1.1851, 1.1933, 1.1693]
2026-03-03 01:06:57,730 - services.recommendation.main - INFO - [t_d4824738] Rerank: 10 CZ, 0 EZ
2026-03-03 01:06:57,730 - services.recommendation.mix_policy - INFO - Mix policy: 3 CZ + 0 EZ (ratio=3:0, rule=only_cz_available, delta=inf, intent=balanced, mem_conf=0.00)
2026-03-03 01:06:57,730 - services.recommendation.main - INFO - [t_d4824738] Mix policy: only_cz_available (ratio=3:0, conf=1.00)
2026-03-03 01:06:57,730 - services.recommendation.main - INFO - [t_d4824738] Non-finite response fields sanitized count=3 sample=['mix_policy.inputs_used.delta', 'mix_policy.delta', 'decision_trace.mix_policy.components.delta']
2026-03-03 01:06:57,730 - services.recommendation.main - INFO - [t_d4824738] Response ready
INFO:     127.0.0.1:49197 - "POST /score HTTP/1.1" 200 OK
2026-03-03 01:06:57,814 - services.recommendation.main - INFO - [t_a6893f30] POST /score - user_id=step5_demo_user, city=tokyo, tags=['food', 'ramen'], intent=None, memory_confidence=None
2026-03-03 01:06:57,814 - services.recommendation.main - INFO - [t_a6893f30] Stage 1: Recall (CZ city-only, EZ global)
2026-03-03 01:06:57,816 - services.recommendation.db - INFO - Loaded 15 items for city: tokyo
2026-03-03 01:06:57,816 - services.recommendation.db - INFO - Title sanitization: changed=0 (city=tokyo)
2026-03-03 01:06:57,816 - services.recommendation.recall - INFO - Recall: CZ=15 (city-only), EZ=13 (city-only, excellence >= 0.8)
2026-03-03 01:06:57,816 - services.recommendation.main - INFO - [t_a6893f30] Recall: CZ=15 (city-only), EZ=13 (global)
2026-03-03 01:06:57,816 - services.recommendation.main - INFO - [t_a6893f30] Stage 2: Rerank (v1.3)
2026-03-03 01:06:57,850 - services.recommendation.rerank - INFO - Rerank: 10 CZ items (filtered 15 → 15), 0 EZ items
2026-03-03 01:06:57,850 - services.recommendation.rerank - INFO - Top 5 CZ memory_influence: [1.1741, 1.1693, 1.1648, 1.1633, 1.1936]
2026-03-03 01:06:57,850 - services.recommendation.main - INFO - [t_a6893f30] Rerank: 10 CZ, 0 EZ
2026-03-03 01:06:57,850 - services.recommendation.mix_policy - INFO - Mix policy: 3 CZ + 0 EZ (ratio=3:0, rule=only_cz_available, delta=inf, intent=balanced, mem_conf=0.50)
2026-03-03 01:06:57,850 - services.recommendation.main - INFO - [t_a6893f30] Mix policy: only_cz_available (ratio=3:0, conf=1.00)
2026-03-03 01:06:57,850 - services.recommendation.main - INFO - [t_a6893f30] Non-finite response fields sanitized count=3 sample=['mix_policy.inputs_used.delta', 'mix_policy.delta', 'decision_trace.mix_policy.components.delta']
2026-03-03 01:06:57,850 - services.recommendation.main - INFO - [t_a6893f30] Response ready
INFO:     127.0.0.1:49230 - "POST /score HTTP/1.1" 200 OK
2026-03-03 01:07:07,439 - services.recommendation.main - INFO - [t_30a6fe0d] POST /score - user_id=step5_demo_user, city=tokyo, tags=['ramen'], intent=balanced, memory_confidence=0.0
2026-03-03 01:07:07,439 - services.recommendation.main - INFO - [t_30a6fe0d] Stage 1: Recall (CZ city-only, EZ global)
2026-03-03 01:07:07,441 - services.recommendation.db - INFO - Loaded 15 items for city: tokyo
2026-03-03 01:07:07,441 - services.recommendation.db - INFO - Title sanitization: changed=0 (city=tokyo)
2026-03-03 01:07:07,441 - services.recommendation.recall - INFO - Recall: CZ=15 (city-only), EZ=13 (city-only, excellence >= 0.8)
2026-03-03 01:07:07,441 - services.recommendation.main - INFO - [t_30a6fe0d] Recall: CZ=15 (city-only), EZ=13 (global)
2026-03-03 01:07:07,441 - services.recommendation.main - INFO - [t_30a6fe0d] Stage 2: Rerank (v1.3)
2026-03-03 01:07:07,471 - services.recommendation.rerank - INFO - Rerank: 10 CZ items (filtered 15 → 15), 0 EZ items
2026-03-03 01:07:07,471 - services.recommendation.rerank - INFO - Top 5 CZ memory_influence: [1.1871, 1.1859, 1.1851, 1.1933, 1.1693]
2026-03-03 01:07:07,471 - services.recommendation.main - INFO - [t_30a6fe0d] Rerank: 10 CZ, 0 EZ
2026-03-03 01:07:07,471 - services.recommendation.mix_policy - INFO - Mix policy: 3 CZ + 0 EZ (ratio=3:0, rule=only_cz_available, delta=inf, intent=balanced, mem_conf=0.00)
2026-03-03 01:07:07,471 - services.recommendation.main - INFO - [t_30a6fe0d] Mix policy: only_cz_available (ratio=3:0, conf=1.00)
2026-03-03 01:07:07,471 - services.recommendation.main - INFO - [t_30a6fe0d] Non-finite response fields sanitized count=3 sample=['mix_policy.inputs_used.delta', 'mix_policy.delta', 'decision_trace.mix_policy.components.delta']
2026-03-03 01:07:07,471 - services.recommendation.main - INFO - [t_30a6fe0d] Response ready
INFO:     127.0.0.1:49277 - "POST /score HTTP/1.1" 200 OK
2026-03-03 01:07:07,555 - services.recommendation.main - INFO - [t_3caab614] POST /score - user_id=step5_demo_user, city=tokyo, tags=['food', 'ramen'], intent=None, memory_confidence=None
2026-03-03 01:07:07,555 - services.recommendation.main - INFO - [t_3caab614] Stage 1: Recall (CZ city-only, EZ global)
2026-03-03 01:07:07,557 - services.recommendation.db - INFO - Loaded 15 items for city: tokyo
2026-03-03 01:07:07,557 - services.recommendation.db - INFO - Title sanitization: changed=0 (city=tokyo)
2026-03-03 01:07:07,557 - services.recommendation.recall - INFO - Recall: CZ=15 (city-only), EZ=13 (city-only, excellence >= 0.8)
2026-03-03 01:07:07,557 - services.recommendation.main - INFO - [t_3caab614] Recall: CZ=15 (city-only), EZ=13 (global)
2026-03-03 01:07:07,557 - services.recommendation.main - INFO - [t_3caab614] Stage 2: Rerank (v1.3)
2026-03-03 01:07:07,587 - services.recommendation.rerank - INFO - Rerank: 10 CZ items (filtered 15 → 15), 0 EZ items
2026-03-03 01:07:07,587 - services.recommendation.rerank - INFO - Top 5 CZ memory_influence: [1.1741, 1.1693, 1.1648, 1.1633, 1.1936]
2026-03-03 01:07:07,587 - services.recommendation.main - INFO - [t_3caab614] Rerank: 10 CZ, 0 EZ
2026-03-03 01:07:07,587 - services.recommendation.mix_policy - INFO - Mix policy: 3 CZ + 0 EZ (ratio=3:0, rule=only_cz_available, delta=inf, intent=balanced, mem_conf=0.50)
2026-03-03 01:07:07,587 - services.recommendation.main - INFO - [t_3caab614] Mix policy: only_cz_available (ratio=3:0, conf=1.00)
2026-03-03 01:07:07,587 - services.recommendation.main - INFO - [t_3caab614] Non-finite response fields sanitized count=3 sample=['mix_policy.inputs_used.delta', 'mix_policy.delta', 'decision_trace.mix_policy.components.delta']
2026-03-03 01:07:07,587 - services.recommendation.main - INFO - [t_3caab614] Response ready
INFO:     127.0.0.1:49310 - "POST /score HTTP/1.1" 200 OK
2026-03-03 01:07:14,211 - services.recommendation.main - INFO - [t_5b7bc087] POST /score - user_id=step5_demo_user, city=tokyo, tags=['ramen'], intent=balanced, memory_confidence=0.0
2026-03-03 01:07:14,211 - services.recommendation.main - INFO - [t_5b7bc087] Stage 1: Recall (CZ city-only, EZ global)
2026-03-03 01:07:14,217 - services.recommendation.db - INFO - Loaded 15 items for city: tokyo
2026-03-03 01:07:14,217 - services.recommendation.db - INFO - Title sanitization: changed=0 (city=tokyo)
2026-03-03 01:07:14,217 - services.recommendation.recall - INFO - Recall: CZ=15 (city-only), EZ=13 (city-only, excellence >= 0.8)
2026-03-03 01:07:14,217 - services.recommendation.main - INFO - [t_5b7bc087] Recall: CZ=15 (city-only), EZ=13 (global)
2026-03-03 01:07:14,217 - services.recommendation.main - INFO - [t_5b7bc087] Stage 2: Rerank (v1.3)
2026-03-03 01:07:14,266 - services.recommendation.rerank - INFO - Rerank: 10 CZ items (filtered 15 → 15), 0 EZ items
2026-03-03 01:07:14,266 - services.recommendation.rerank - INFO - Top 5 CZ memory_influence: [1.1871, 1.1859, 1.1851, 1.1933, 1.1693]
2026-03-03 01:07:14,266 - services.recommendation.main - INFO - [t_5b7bc087] Rerank: 10 CZ, 0 EZ
2026-03-03 01:07:14,266 - services.recommendation.mix_policy - INFO - Mix policy: 3 CZ + 0 EZ (ratio=3:0, rule=only_cz_available, delta=inf, intent=balanced, mem_conf=0.00)
2026-03-03 01:07:14,266 - services.recommendation.main - INFO - [t_5b7bc087] Mix policy: only_cz_available (ratio=3:0, conf=1.00)
2026-03-03 01:07:14,266 - services.recommendation.main - INFO - [t_5b7bc087] Non-finite response fields sanitized count=3 sample=['mix_policy.inputs_used.delta', 'mix_policy.delta', 'decision_trace.mix_policy.components.delta']
2026-03-03 01:07:14,266 - services.recommendation.main - INFO - [t_5b7bc087] Response ready
INFO:     127.0.0.1:49354 - "POST /score HTTP/1.1" 200 OK
2026-03-03 01:07:14,354 - services.recommendation.main - INFO - [t_f50c889d] POST /score - user_id=step5_demo_user, city=tokyo, tags=['ramen'], intent=None, memory_confidence=None
2026-03-03 01:07:14,354 - services.recommendation.main - INFO - [t_f50c889d] Stage 1: Recall (CZ city-only, EZ global)
2026-03-03 01:07:14,356 - services.recommendation.db - INFO - Loaded 15 items for city: tokyo
2026-03-03 01:07:14,356 - services.recommendation.db - INFO - Title sanitization: changed=0 (city=tokyo)
2026-03-03 01:07:14,356 - services.recommendation.recall - INFO - Recall: CZ=15 (city-only), EZ=13 (city-only, excellence >= 0.8)
2026-03-03 01:07:14,356 - services.recommendation.main - INFO - [t_f50c889d] Recall: CZ=15 (city-only), EZ=13 (global)
2026-03-03 01:07:14,356 - services.recommendation.main - INFO - [t_f50c889d] Stage 2: Rerank (v1.3)
2026-03-03 01:07:14,393 - services.recommendation.rerank - INFO - Rerank: 10 CZ items (filtered 15 → 15), 0 EZ items
2026-03-03 01:07:14,393 - services.recommendation.rerank - INFO - Top 5 CZ memory_influence: [1.1871, 1.1859, 1.1851, 1.1933, 1.1693]
2026-03-03 01:07:14,393 - services.recommendation.main - INFO - [t_f50c889d] Rerank: 10 CZ, 0 EZ
2026-03-03 01:07:14,393 - services.recommendation.mix_policy - INFO - Mix policy: 3 CZ + 0 EZ (ratio=3:0, rule=only_cz_available, delta=inf, intent=balanced, mem_conf=0.50)
2026-03-03 01:07:14,393 - services.recommendation.main - INFO - [t_f50c889d] Mix policy: only_cz_available (ratio=3:0, conf=1.00)
2026-03-03 01:07:14,393 - services.recommendation.main - INFO - [t_f50c889d] Non-finite response fields sanitized count=3 sample=['mix_policy.inputs_used.delta', 'mix_policy.delta', 'decision_trace.mix_policy.components.delta']
2026-03-03 01:07:14,393 - services.recommendation.main - INFO - [t_f50c889d] Response ready
INFO:     127.0.0.1:49387 - "POST /score HTTP/1.1" 200 OK
2026-03-03 01:07:20,794 - services.recommendation.main - INFO - [t_13539cf1] POST /score - user_id=step5_demo_user, city=tokyo, tags=['ramen', 'street_food'], intent=balanced, memory_confidence=0.0
2026-03-03 01:07:20,794 - services.recommendation.main - INFO - [t_13539cf1] Stage 1: Recall (CZ city-only, EZ global)
2026-03-03 01:07:20,796 - services.recommendation.db - INFO - Loaded 15 items for city: tokyo
2026-03-03 01:07:20,796 - services.recommendation.db - INFO - Title sanitization: changed=0 (city=tokyo)
2026-03-03 01:07:20,796 - services.recommendation.recall - INFO - Recall: CZ=15 (city-only), EZ=13 (city-only, excellence >= 0.8)
2026-03-03 01:07:20,796 - services.recommendation.main - INFO - [t_13539cf1] Recall: CZ=15 (city-only), EZ=13 (global)
2026-03-03 01:07:20,796 - services.recommendation.main - INFO - [t_13539cf1] Stage 2: Rerank (v1.3)
2026-03-03 01:07:20,846 - services.recommendation.rerank - INFO - Rerank: 10 CZ items (filtered 15 → 15), 0 EZ items
2026-03-03 01:07:20,846 - services.recommendation.rerank - INFO - Top 5 CZ memory_influence: [1.1722, 1.1717, 1.1679, 1.1981, 1.1671]
2026-03-03 01:07:20,846 - services.recommendation.main - INFO - [t_13539cf1] Rerank: 10 CZ, 0 EZ
2026-03-03 01:07:20,846 - services.recommendation.mix_policy - INFO - Mix policy: 3 CZ + 0 EZ (ratio=3:0, rule=only_cz_available, delta=inf, intent=balanced, mem_conf=0.00)
2026-03-03 01:07:20,846 - services.recommendation.main - INFO - [t_13539cf1] Mix policy: only_cz_available (ratio=3:0, conf=1.00)
2026-03-03 01:07:20,847 - services.recommendation.main - INFO - [t_13539cf1] Non-finite response fields sanitized count=3 sample=['mix_policy.inputs_used.delta', 'mix_policy.delta', 'decision_trace.mix_policy.components.delta']
2026-03-03 01:07:20,847 - services.recommendation.main - INFO - [t_13539cf1] Response ready
INFO:     127.0.0.1:49430 - "POST /score HTTP/1.1" 200 OK
2026-03-03 01:07:20,935 - services.recommendation.main - INFO - [t_7f52633b] POST /score - user_id=step5_demo_user, city=tokyo, tags=['ramen'], intent=None, memory_confidence=None
2026-03-03 01:07:20,935 - services.recommendation.main - INFO - [t_7f52633b] Stage 1: Recall (CZ city-only, EZ global)
2026-03-03 01:07:20,937 - services.recommendation.db - INFO - Loaded 15 items for city: tokyo
2026-03-03 01:07:20,937 - services.recommendation.db - INFO - Title sanitization: changed=0 (city=tokyo)
2026-03-03 01:07:20,937 - services.recommendation.recall - INFO - Recall: CZ=15 (city-only), EZ=13 (city-only, excellence >= 0.8)
2026-03-03 01:07:20,937 - services.recommendation.main - INFO - [t_7f52633b] Recall: CZ=15 (city-only), EZ=13 (global)
2026-03-03 01:07:20,937 - services.recommendation.main - INFO - [t_7f52633b] Stage 2: Rerank (v1.3)
2026-03-03 01:07:20,971 - services.recommendation.rerank - INFO - Rerank: 10 CZ items (filtered 15 → 15), 0 EZ items
2026-03-03 01:07:20,971 - services.recommendation.rerank - INFO - Top 5 CZ memory_influence: [1.1871, 1.1859, 1.1851, 1.1933, 1.1693]
2026-03-03 01:07:20,971 - services.recommendation.main - INFO - [t_7f52633b] Rerank: 10 CZ, 0 EZ
2026-03-03 01:07:20,971 - services.recommendation.mix_policy - INFO - Mix policy: 3 CZ + 0 EZ (ratio=3:0, rule=only_cz_available, delta=inf, intent=balanced, mem_conf=0.50)
2026-03-03 01:07:20,971 - services.recommendation.main - INFO - [t_7f52633b] Mix policy: only_cz_available (ratio=3:0, conf=1.00)
2026-03-03 01:07:20,972 - services.recommendation.main - INFO - [t_7f52633b] Non-finite response fields sanitized count=3 sample=['mix_policy.inputs_used.delta', 'mix_policy.delta', 'decision_trace.mix_policy.components.delta']
2026-03-03 01:07:20,972 - services.recommendation.main - INFO - [t_7f52633b] Response ready
INFO:     127.0.0.1:49463 - "POST /score HTTP/1.1" 200 OK
2026-03-03 01:10:34,901 - services.recommendation.main - INFO - [t_6224d059] POST /score - user_id=step5_demo_user, city=tokyo, tags=['ramen'], intent=balanced, memory_confidence=0.0
2026-03-03 01:10:34,902 - services.recommendation.main - INFO - [t_6224d059] Stage 1: Recall (CZ city-only, EZ global)
2026-03-03 01:10:34,912 - services.recommendation.db - INFO - Loaded 15 items for city: tokyo
2026-03-03 01:10:34,912 - services.recommendation.db - INFO - Title sanitization: changed=0 (city=tokyo)
2026-03-03 01:10:34,912 - services.recommendation.recall - INFO - Recall: CZ=15 (city-only), EZ=13 (city-only, excellence >= 0.8)
2026-03-03 01:10:34,912 - services.recommendation.main - INFO - [t_6224d059] Recall: CZ=15 (city-only), EZ=13 (global)
2026-03-03 01:10:34,912 - services.recommendation.main - INFO - [t_6224d059] Stage 2: Rerank (v1.3)
2026-03-03 01:10:34,941 - services.recommendation.rerank - INFO - Rerank: 10 CZ items (filtered 15 → 15), 0 EZ items
2026-03-03 01:10:34,941 - services.recommendation.rerank - INFO - Top 5 CZ memory_influence: [1.1871, 1.1859, 1.1851, 1.1933, 1.1693]
2026-03-03 01:10:34,941 - services.recommendation.main - INFO - [t_6224d059] Rerank: 10 CZ, 0 EZ
2026-03-03 01:10:34,941 - services.recommendation.mix_policy - INFO - Mix policy: 3 CZ + 0 EZ (ratio=3:0, rule=only_cz_available, delta=inf, intent=balanced, mem_conf=0.00)
2026-03-03 01:10:34,941 - services.recommendation.main - INFO - [t_6224d059] Mix policy: only_cz_available (ratio=3:0, conf=1.00)
2026-03-03 01:10:34,941 - services.recommendation.main - INFO - [t_6224d059] Non-finite response fields sanitized count=3 sample=['mix_policy.inputs_used.delta', 'mix_policy.delta', 'decision_trace.mix_policy.components.delta']
2026-03-03 01:10:34,941 - services.recommendation.main - INFO - [t_6224d059] Response ready
INFO:     127.0.0.1:49539 - "POST /score HTTP/1.1" 200 OK
2026-03-03 01:10:35,023 - services.recommendation.main - INFO - [t_ee070a4c] POST /score - user_id=step5_demo_user, city=tokyo, tags=['food', 'ramen'], intent=None, memory_confidence=None
2026-03-03 01:10:35,023 - services.recommendation.main - INFO - [t_ee070a4c] Stage 1: Recall (CZ city-only, EZ global)
2026-03-03 01:10:35,025 - services.recommendation.db - INFO - Loaded 15 items for city: tokyo
2026-03-03 01:10:35,025 - services.recommendation.db - INFO - Title sanitization: changed=0 (city=tokyo)
2026-03-03 01:10:35,025 - services.recommendation.recall - INFO - Recall: CZ=15 (city-only), EZ=13 (city-only, excellence >= 0.8)
2026-03-03 01:10:35,025 - services.recommendation.main - INFO - [t_ee070a4c] Recall: CZ=15 (city-only), EZ=13 (global)
2026-03-03 01:10:35,025 - services.recommendation.main - INFO - [t_ee070a4c] Stage 2: Rerank (v1.3)
2026-03-03 01:10:35,062 - services.recommendation.rerank - INFO - Rerank: 10 CZ items (filtered 15 → 15), 0 EZ items
2026-03-03 01:10:35,062 - services.recommendation.rerank - INFO - Top 5 CZ memory_influence: [1.1741, 1.1693, 1.1648, 1.1633, 1.1936]
2026-03-03 01:10:35,062 - services.recommendation.main - INFO - [t_ee070a4c] Rerank: 10 CZ, 0 EZ
2026-03-03 01:10:35,062 - services.recommendation.mix_policy - INFO - Mix policy: 3 CZ + 0 EZ (ratio=3:0, rule=only_cz_available, delta=inf, intent=balanced, mem_conf=0.50)
2026-03-03 01:10:35,062 - services.recommendation.main - INFO - [t_ee070a4c] Mix policy: only_cz_available (ratio=3:0, conf=1.00)
2026-03-03 01:10:35,062 - services.recommendation.main - INFO - [t_ee070a4c] Non-finite response fields sanitized count=3 sample=['mix_policy.inputs_used.delta', 'mix_policy.delta', 'decision_trace.mix_policy.components.delta']
2026-03-03 01:10:35,062 - services.recommendation.main - INFO - [t_ee070a4c] Response ready
INFO:     127.0.0.1:49572 - "POST /score HTTP/1.1" 200 OK
2026-03-03 01:10:44,431 - services.recommendation.main - INFO - [t_9a0a452e] POST /score - user_id=step5_demo_user, city=tokyo, tags=['ramen'], intent=balanced, memory_confidence=0.0
2026-03-03 01:10:44,432 - services.recommendation.main - INFO - [t_9a0a452e] Stage 1: Recall (CZ city-only, EZ global)
2026-03-03 01:10:44,436 - services.recommendation.db - INFO - Loaded 15 items for city: tokyo
2026-03-03 01:10:44,436 - services.recommendation.db - INFO - Title sanitization: changed=0 (city=tokyo)
2026-03-03 01:10:44,436 - services.recommendation.recall - INFO - Recall: CZ=15 (city-only), EZ=13 (city-only, excellence >= 0.8)
2026-03-03 01:10:44,436 - services.recommendation.main - INFO - [t_9a0a452e] Recall: CZ=15 (city-only), EZ=13 (global)
2026-03-03 01:10:44,436 - services.recommendation.main - INFO - [t_9a0a452e] Stage 2: Rerank (v1.3)
2026-03-03 01:10:44,467 - services.recommendation.rerank - INFO - Rerank: 10 CZ items (filtered 15 → 15), 0 EZ items
2026-03-03 01:10:44,467 - services.recommendation.rerank - INFO - Top 5 CZ memory_influence: [1.1871, 1.1859, 1.1851, 1.1933, 1.1693]
2026-03-03 01:10:44,467 - services.recommendation.main - INFO - [t_9a0a452e] Rerank: 10 CZ, 0 EZ
2026-03-03 01:10:44,467 - services.recommendation.mix_policy - INFO - Mix policy: 3 CZ + 0 EZ (ratio=3:0, rule=only_cz_available, delta=inf, intent=balanced, mem_conf=0.00)
2026-03-03 01:10:44,467 - services.recommendation.main - INFO - [t_9a0a452e] Mix policy: only_cz_available (ratio=3:0, conf=1.00)
2026-03-03 01:10:44,467 - services.recommendation.main - INFO - [t_9a0a452e] Non-finite response fields sanitized count=3 sample=['mix_policy.inputs_used.delta', 'mix_policy.delta', 'decision_trace.mix_policy.components.delta']
2026-03-03 01:10:44,467 - services.recommendation.main - INFO - [t_9a0a452e] Response ready
INFO:     127.0.0.1:49616 - "POST /score HTTP/1.1" 200 OK
2026-03-03 01:10:44,549 - services.recommendation.main - INFO - [t_75ae7a4b] POST /score - user_id=step5_demo_user, city=tokyo, tags=['food', 'ramen'], intent=None, memory_confidence=None
2026-03-03 01:10:44,549 - services.recommendation.main - INFO - [t_75ae7a4b] Stage 1: Recall (CZ city-only, EZ global)
2026-03-03 01:10:44,551 - services.recommendation.db - INFO - Loaded 15 items for city: tokyo
2026-03-03 01:10:44,551 - services.recommendation.db - INFO - Title sanitization: changed=0 (city=tokyo)
2026-03-03 01:10:44,551 - services.recommendation.recall - INFO - Recall: CZ=15 (city-only), EZ=13 (city-only, excellence >= 0.8)
2026-03-03 01:10:44,551 - services.recommendation.main - INFO - [t_75ae7a4b] Recall: CZ=15 (city-only), EZ=13 (global)
2026-03-03 01:10:44,551 - services.recommendation.main - INFO - [t_75ae7a4b] Stage 2: Rerank (v1.3)
2026-03-03 01:10:44,589 - services.recommendation.rerank - INFO - Rerank: 10 CZ items (filtered 15 → 15), 0 EZ items
2026-03-03 01:10:44,589 - services.recommendation.rerank - INFO - Top 5 CZ memory_influence: [1.1741, 1.1693, 1.1648, 1.1633, 1.1936]
2026-03-03 01:10:44,589 - services.recommendation.main - INFO - [t_75ae7a4b] Rerank: 10 CZ, 0 EZ
2026-03-03 01:10:44,589 - services.recommendation.mix_policy - INFO - Mix policy: 3 CZ + 0 EZ (ratio=3:0, rule=only_cz_available, delta=inf, intent=balanced, mem_conf=0.50)
2026-03-03 01:10:44,589 - services.recommendation.main - INFO - [t_75ae7a4b] Mix policy: only_cz_available (ratio=3:0, conf=1.00)
2026-03-03 01:10:44,589 - services.recommendation.main - INFO - [t_75ae7a4b] Non-finite response fields sanitized count=3 sample=['mix_policy.inputs_used.delta', 'mix_policy.delta', 'decision_trace.mix_policy.components.delta']
2026-03-03 01:10:44,589 - services.recommendation.main - INFO - [t_75ae7a4b] Response ready
INFO:     127.0.0.1:49649 - "POST /score HTTP/1.1" 200 OK
2026-03-03 01:10:50,003 - services.recommendation.main - INFO - [t_6f8f3a78] POST /score - user_id=step5_demo_user, city=tokyo, tags=['ramen'], intent=balanced, memory_confidence=0.0
2026-03-03 01:10:50,003 - services.recommendation.main - INFO - [t_6f8f3a78] Stage 1: Recall (CZ city-only, EZ global)
2026-03-03 01:10:50,007 - services.recommendation.db - INFO - Loaded 15 items for city: tokyo
2026-03-03 01:10:50,007 - services.recommendation.db - INFO - Title sanitization: changed=0 (city=tokyo)
2026-03-03 01:10:50,007 - services.recommendation.recall - INFO - Recall: CZ=15 (city-only), EZ=13 (city-only, excellence >= 0.8)
2026-03-03 01:10:50,007 - services.recommendation.main - INFO - [t_6f8f3a78] Recall: CZ=15 (city-only), EZ=13 (global)
2026-03-03 01:10:50,007 - services.recommendation.main - INFO - [t_6f8f3a78] Stage 2: Rerank (v1.3)
2026-03-03 01:10:50,054 - services.recommendation.rerank - INFO - Rerank: 10 CZ items (filtered 15 → 15), 0 EZ items
2026-03-03 01:10:50,054 - services.recommendation.rerank - INFO - Top 5 CZ memory_influence: [1.1871, 1.1859, 1.1851, 1.1933, 1.1693]
2026-03-03 01:10:50,054 - services.recommendation.main - INFO - [t_6f8f3a78] Rerank: 10 CZ, 0 EZ
2026-03-03 01:10:50,054 - services.recommendation.mix_policy - INFO - Mix policy: 3 CZ + 0 EZ (ratio=3:0, rule=only_cz_available, delta=inf, intent=balanced, mem_conf=0.00)
2026-03-03 01:10:50,054 - services.recommendation.main - INFO - [t_6f8f3a78] Mix policy: only_cz_available (ratio=3:0, conf=1.00)
2026-03-03 01:10:50,054 - services.recommendation.main - INFO - [t_6f8f3a78] Non-finite response fields sanitized count=3 sample=['mix_policy.inputs_used.delta', 'mix_policy.delta', 'decision_trace.mix_policy.components.delta']
2026-03-03 01:10:50,054 - services.recommendation.main - INFO - [t_6f8f3a78] Response ready
INFO:     127.0.0.1:49691 - "POST /score HTTP/1.1" 200 OK
2026-03-03 01:10:50,137 - services.recommendation.main - INFO - [t_45c08787] POST /score - user_id=step5_demo_user, city=tokyo, tags=['ramen'], intent=None, memory_confidence=None
2026-03-03 01:10:50,137 - services.recommendation.main - INFO - [t_45c08787] Stage 1: Recall (CZ city-only, EZ global)
2026-03-03 01:10:50,139 - services.recommendation.db - INFO - Loaded 15 items for city: tokyo
2026-03-03 01:10:50,139 - services.recommendation.db - INFO - Title sanitization: changed=0 (city=tokyo)
2026-03-03 01:10:50,139 - services.recommendation.recall - INFO - Recall: CZ=15 (city-only), EZ=13 (city-only, excellence >= 0.8)
2026-03-03 01:10:50,139 - services.recommendation.main - INFO - [t_45c08787] Recall: CZ=15 (city-only), EZ=13 (global)
2026-03-03 01:10:50,139 - services.recommendation.main - INFO - [t_45c08787] Stage 2: Rerank (v1.3)
2026-03-03 01:10:50,173 - services.recommendation.rerank - INFO - Rerank: 10 CZ items (filtered 15 → 15), 0 EZ items
2026-03-03 01:10:50,173 - services.recommendation.rerank - INFO - Top 5 CZ memory_influence: [1.1871, 1.1859, 1.1851, 1.1933, 1.1693]
2026-03-03 01:10:50,173 - services.recommendation.main - INFO - [t_45c08787] Rerank: 10 CZ, 0 EZ
2026-03-03 01:10:50,173 - services.recommendation.mix_policy - INFO - Mix policy: 3 CZ + 0 EZ (ratio=3:0, rule=only_cz_available, delta=inf, intent=balanced, mem_conf=0.50)
2026-03-03 01:10:50,173 - services.recommendation.main - INFO - [t_45c08787] Mix policy: only_cz_available (ratio=3:0, conf=1.00)
2026-03-03 01:10:50,173 - services.recommendation.main - INFO - [t_45c08787] Non-finite response fields sanitized count=3 sample=['mix_policy.inputs_used.delta', 'mix_policy.delta', 'decision_trace.mix_policy.components.delta']
2026-03-03 01:10:50,173 - services.recommendation.main - INFO - [t_45c08787] Response ready
INFO:     127.0.0.1:49724 - "POST /score HTTP/1.1" 200 OK
2026-03-03 01:10:55,836 - services.recommendation.main - INFO - [t_c76944cc] POST /score - user_id=step5_demo_user, city=tokyo, tags=['ramen', 'street_food'], intent=balanced, memory_confidence=0.0
2026-03-03 01:10:55,836 - services.recommendation.main - INFO - [t_c76944cc] Stage 1: Recall (CZ city-only, EZ global)
2026-03-03 01:10:55,839 - services.recommendation.db - INFO - Loaded 15 items for city: tokyo
2026-03-03 01:10:55,839 - services.recommendation.db - INFO - Title sanitization: changed=0 (city=tokyo)
2026-03-03 01:10:55,839 - services.recommendation.recall - INFO - Recall: CZ=15 (city-only), EZ=13 (city-only, excellence >= 0.8)
2026-03-03 01:10:55,839 - services.recommendation.main - INFO - [t_c76944cc] Recall: CZ=15 (city-only), EZ=13 (global)
2026-03-03 01:10:55,840 - services.recommendation.main - INFO - [t_c76944cc] Stage 2: Rerank (v1.3)
2026-03-03 01:10:55,891 - services.recommendation.rerank - INFO - Rerank: 10 CZ items (filtered 15 → 15), 0 EZ items
2026-03-03 01:10:55,891 - services.recommendation.rerank - INFO - Top 5 CZ memory_influence: [1.1722, 1.1717, 1.1679, 1.1981, 1.1671]
2026-03-03 01:10:55,891 - services.recommendation.main - INFO - [t_c76944cc] Rerank: 10 CZ, 0 EZ
2026-03-03 01:10:55,891 - services.recommendation.mix_policy - INFO - Mix policy: 3 CZ + 0 EZ (ratio=3:0, rule=only_cz_available, delta=inf, intent=balanced, mem_conf=0.00)
2026-03-03 01:10:55,891 - services.recommendation.main - INFO - [t_c76944cc] Mix policy: only_cz_available (ratio=3:0, conf=1.00)
2026-03-03 01:10:55,891 - services.recommendation.main - INFO - [t_c76944cc] Non-finite response fields sanitized count=3 sample=['mix_policy.inputs_used.delta', 'mix_policy.delta', 'decision_trace.mix_policy.components.delta']
2026-03-03 01:10:55,891 - services.recommendation.main - INFO - [t_c76944cc] Response ready
INFO:     127.0.0.1:49767 - "POST /score HTTP/1.1" 200 OK
2026-03-03 01:10:55,975 - services.recommendation.main - INFO - [t_b35f04b9] POST /score - user_id=step5_demo_user, city=tokyo, tags=['ramen'], intent=None, memory_confidence=None
2026-03-03 01:10:55,975 - services.recommendation.main - INFO - [t_b35f04b9] Stage 1: Recall (CZ city-only, EZ global)
2026-03-03 01:10:55,977 - services.recommendation.db - INFO - Loaded 15 items for city: tokyo
2026-03-03 01:10:55,977 - services.recommendation.db - INFO - Title sanitization: changed=0 (city=tokyo)
2026-03-03 01:10:55,977 - services.recommendation.recall - INFO - Recall: CZ=15 (city-only), EZ=13 (city-only, excellence >= 0.8)
2026-03-03 01:10:55,977 - services.recommendation.main - INFO - [t_b35f04b9] Recall: CZ=15 (city-only), EZ=13 (global)
2026-03-03 01:10:55,977 - services.recommendation.main - INFO - [t_b35f04b9] Stage 2: Rerank (v1.3)
2026-03-03 01:10:56,010 - services.recommendation.rerank - INFO - Rerank: 10 CZ items (filtered 15 → 15), 0 EZ items
2026-03-03 01:10:56,010 - services.recommendation.rerank - INFO - Top 5 CZ memory_influence: [1.1871, 1.1859, 1.1851, 1.1933, 1.1693]
2026-03-03 01:10:56,010 - services.recommendation.main - INFO - [t_b35f04b9] Rerank: 10 CZ, 0 EZ
2026-03-03 01:10:56,010 - services.recommendation.mix_policy - INFO - Mix policy: 3 CZ + 0 EZ (ratio=3:0, rule=only_cz_available, delta=inf, intent=balanced, mem_conf=0.50)
2026-03-03 01:10:56,010 - services.recommendation.main - INFO - [t_b35f04b9] Mix policy: only_cz_available (ratio=3:0, conf=1.00)
2026-03-03 01:10:56,011 - services.recommendation.main - INFO - [t_b35f04b9] Non-finite response fields sanitized count=3 sample=['mix_policy.inputs_used.delta', 'mix_policy.delta', 'decision_trace.mix_policy.components.delta']
2026-03-03 01:10:56,011 - services.recommendation.main - INFO - [t_b35f04b9] Response ready
INFO:     127.0.0.1:49800 - "POST /score HTTP/1.1" 200 OK
2026-03-03 01:27:40,097 - services.recommendation.main - INFO - [t_3f2fe90c] POST /score - user_id=step5_demo_user, city=tokyo, tags=['ramen'], intent=balanced, memory_confidence=0.0
2026-03-03 01:27:40,098 - services.recommendation.main - INFO - [t_3f2fe90c] Stage 1: Recall (CZ city-only, EZ global)
2026-03-03 01:27:40,110 - services.recommendation.db - INFO - Loaded 15 items for city: tokyo
2026-03-03 01:27:40,110 - services.recommendation.db - INFO - Title sanitization: changed=0 (city=tokyo)
2026-03-03 01:27:40,111 - services.recommendation.recall - INFO - Recall: CZ=15 (city-only), EZ=13 (city-only, excellence >= 0.8)
2026-03-03 01:27:40,111 - services.recommendation.main - INFO - [t_3f2fe90c] Recall: CZ=15 (city-only), EZ=13 (global)
2026-03-03 01:27:40,111 - services.recommendation.main - INFO - [t_3f2fe90c] Stage 2: Rerank (v1.3)
2026-03-03 01:27:40,153 - services.recommendation.rerank - INFO - Rerank: 10 CZ items (filtered 15 → 15), 0 EZ items
2026-03-03 01:27:40,153 - services.recommendation.rerank - INFO - Top 5 CZ memory_influence: [1.1871, 1.1859, 1.1851, 1.1933, 1.1693]
2026-03-03 01:27:40,153 - services.recommendation.main - INFO - [t_3f2fe90c] Rerank: 10 CZ, 0 EZ
2026-03-03 01:27:40,153 - services.recommendation.mix_policy - INFO - Mix policy: 3 CZ + 0 EZ (ratio=3:0, rule=only_cz_available, delta=inf, intent=balanced, mem_conf=0.00)
2026-03-03 01:27:40,153 - services.recommendation.main - INFO - [t_3f2fe90c] Mix policy: only_cz_available (ratio=3:0, conf=1.00)
2026-03-03 01:27:40,154 - services.recommendation.main - INFO - [t_3f2fe90c] Non-finite response fields sanitized count=3 sample=['mix_policy.inputs_used.delta', 'mix_policy.delta', 'decision_trace.mix_policy.components.delta']
2026-03-03 01:27:40,154 - services.recommendation.main - INFO - [t_3f2fe90c] Response ready
INFO:     127.0.0.1:50085 - "POST /score HTTP/1.1" 200 OK
2026-03-03 01:27:40,252 - services.recommendation.main - INFO - [t_c9ab0d08] POST /score - user_id=step5_demo_user, city=tokyo, tags=['food', 'ramen'], intent=None, memory_confidence=None
2026-03-03 01:27:40,252 - services.recommendation.main - INFO - [t_c9ab0d08] Stage 1: Recall (CZ city-only, EZ global)
2026-03-03 01:27:40,254 - services.recommendation.db - INFO - Loaded 15 items for city: tokyo
2026-03-03 01:27:40,254 - services.recommendation.db - INFO - Title sanitization: changed=0 (city=tokyo)
2026-03-03 01:27:40,254 - services.recommendation.recall - INFO - Recall: CZ=15 (city-only), EZ=13 (city-only, excellence >= 0.8)
2026-03-03 01:27:40,254 - services.recommendation.main - INFO - [t_c9ab0d08] Recall: CZ=15 (city-only), EZ=13 (global)
2026-03-03 01:27:40,254 - services.recommendation.main - INFO - [t_c9ab0d08] Stage 2: Rerank (v1.3)
2026-03-03 01:27:40,290 - services.recommendation.rerank - INFO - Rerank: 10 CZ items (filtered 15 → 15), 0 EZ items
2026-03-03 01:27:40,290 - services.recommendation.rerank - INFO - Top 5 CZ memory_influence: [1.1741, 1.1693, 1.1648, 1.1633, 1.1936]
2026-03-03 01:27:40,290 - services.recommendation.main - INFO - [t_c9ab0d08] Rerank: 10 CZ, 0 EZ
2026-03-03 01:27:40,290 - services.recommendation.mix_policy - INFO - Mix policy: 3 CZ + 0 EZ (ratio=3:0, rule=only_cz_available, delta=inf, intent=balanced, mem_conf=0.50)
2026-03-03 01:27:40,290 - services.recommendation.main - INFO - [t_c9ab0d08] Mix policy: only_cz_available (ratio=3:0, conf=1.00)
2026-03-03 01:27:40,290 - services.recommendation.main - INFO - [t_c9ab0d08] Non-finite response fields sanitized count=3 sample=['mix_policy.inputs_used.delta', 'mix_policy.delta', 'decision_trace.mix_policy.components.delta']
2026-03-03 01:27:40,290 - services.recommendation.main - INFO - [t_c9ab0d08] Response ready
INFO:     127.0.0.1:50118 - "POST /score HTTP/1.1" 200 OK
2026-03-03 01:33:42,616 - services.recommendation.main - INFO - [t_4642389c] POST /score - user_id=step5_demo_user, city=tokyo, tags=['ramen'], intent=balanced, memory_confidence=0.0
2026-03-03 01:33:42,616 - services.recommendation.main - INFO - [t_4642389c] Stage 1: Recall (CZ city-only, EZ global)
2026-03-03 01:33:42,624 - services.recommendation.db - INFO - Loaded 15 items for city: tokyo
2026-03-03 01:33:42,624 - services.recommendation.db - INFO - Title sanitization: changed=0 (city=tokyo)
2026-03-03 01:33:42,625 - services.recommendation.recall - INFO - Recall: CZ=15 (city-only), EZ=13 (city-only, excellence >= 0.8)
2026-03-03 01:33:42,625 - services.recommendation.main - INFO - [t_4642389c] Recall: CZ=15 (city-only), EZ=13 (global)
2026-03-03 01:33:42,625 - services.recommendation.main - INFO - [t_4642389c] Stage 2: Rerank (v1.3)
2026-03-03 01:33:42,660 - services.recommendation.rerank - INFO - Rerank: 10 CZ items (filtered 15 → 15), 0 EZ items
2026-03-03 01:33:42,660 - services.recommendation.rerank - INFO - Top 5 CZ memory_influence: [1.1871, 1.1859, 1.1851, 1.1933, 1.1693]
2026-03-03 01:33:42,660 - services.recommendation.main - INFO - [t_4642389c] Rerank: 10 CZ, 0 EZ
2026-03-03 01:33:42,660 - services.recommendation.mix_policy - INFO - Mix policy: 3 CZ + 0 EZ (ratio=3:0, rule=only_cz_available, delta=inf, intent=balanced, mem_conf=0.00)
2026-03-03 01:33:42,660 - services.recommendation.main - INFO - [t_4642389c] Mix policy: only_cz_available (ratio=3:0, conf=1.00)
2026-03-03 01:33:42,660 - services.recommendation.main - INFO - [t_4642389c] Non-finite response fields sanitized count=3 sample=['mix_policy.inputs_used.delta', 'mix_policy.delta', 'decision_trace.mix_policy.components.delta']
2026-03-03 01:33:42,660 - services.recommendation.main - INFO - [t_4642389c] Response ready
INFO:     127.0.0.1:50340 - "POST /score HTTP/1.1" 200 OK
2026-03-03 01:33:42,758 - services.recommendation.main - INFO - [t_2acf3821] POST /score - user_id=step5_demo_user, city=tokyo, tags=['food', 'ramen'], intent=None, memory_confidence=None
2026-03-03 01:33:42,758 - services.recommendation.main - INFO - [t_2acf3821] Stage 1: Recall (CZ city-only, EZ global)
2026-03-03 01:33:42,760 - services.recommendation.db - INFO - Loaded 15 items for city: tokyo
2026-03-03 01:33:42,760 - services.recommendation.db - INFO - Title sanitization: changed=0 (city=tokyo)
2026-03-03 01:33:42,760 - services.recommendation.recall - INFO - Recall: CZ=15 (city-only), EZ=13 (city-only, excellence >= 0.8)
2026-03-03 01:33:42,760 - services.recommendation.main - INFO - [t_2acf3821] Recall: CZ=15 (city-only), EZ=13 (global)
2026-03-03 01:33:42,760 - services.recommendation.main - INFO - [t_2acf3821] Stage 2: Rerank (v1.3)
2026-03-03 01:33:42,798 - services.recommendation.rerank - INFO - Rerank: 10 CZ items (filtered 15 → 15), 0 EZ items
2026-03-03 01:33:42,798 - services.recommendation.rerank - INFO - Top 5 CZ memory_influence: [1.1741, 1.1693, 1.1648, 1.1633, 1.1936]
2026-03-03 01:33:42,798 - services.recommendation.main - INFO - [t_2acf3821] Rerank: 10 CZ, 0 EZ
2026-03-03 01:33:42,798 - services.recommendation.mix_policy - INFO - Mix policy: 3 CZ + 0 EZ (ratio=3:0, rule=only_cz_available, delta=inf, intent=balanced, mem_conf=0.50)
2026-03-03 01:33:42,798 - services.recommendation.main - INFO - [t_2acf3821] Mix policy: only_cz_available (ratio=3:0, conf=1.00)
2026-03-03 01:33:42,798 - services.recommendation.main - INFO - [t_2acf3821] Non-finite response fields sanitized count=3 sample=['mix_policy.inputs_used.delta', 'mix_policy.delta', 'decision_trace.mix_policy.components.delta']
2026-03-03 01:33:42,798 - services.recommendation.main - INFO - [t_2acf3821] Response ready
INFO:     127.0.0.1:50373 - "POST /score HTTP/1.1" 200 OK
2026-03-03 01:33:49,978 - services.recommendation.main - INFO - [t_45f50aa7] POST /score - user_id=step5_demo_user, city=tokyo, tags=['ramen'], intent=balanced, memory_confidence=1.0
2026-03-03 01:33:49,978 - services.recommendation.main - INFO - [t_45f50aa7] Stage 1: Recall (CZ city-only, EZ global)
2026-03-03 01:33:49,982 - services.recommendation.db - INFO - Loaded 15 items for city: tokyo
2026-03-03 01:33:49,982 - services.recommendation.db - INFO - Title sanitization: changed=0 (city=tokyo)
2026-03-03 01:33:49,982 - services.recommendation.recall - INFO - Recall: CZ=15 (city-only), EZ=13 (city-only, excellence >= 0.8)
2026-03-03 01:33:49,982 - services.recommendation.main - INFO - [t_45f50aa7] Recall: CZ=15 (city-only), EZ=13 (global)
2026-03-03 01:33:49,982 - services.recommendation.main - INFO - [t_45f50aa7] Stage 2: Rerank (v1.3)
2026-03-03 01:33:50,019 - services.recommendation.rerank - INFO - Rerank: 10 CZ items (filtered 15 → 15), 0 EZ items
2026-03-03 01:33:50,019 - services.recommendation.rerank - INFO - Top 5 CZ memory_influence: [1.1871, 1.1859, 1.1851, 1.1933, 1.1693]
2026-03-03 01:33:50,019 - services.recommendation.main - INFO - [t_45f50aa7] Rerank: 10 CZ, 0 EZ
2026-03-03 01:33:50,019 - services.recommendation.mix_policy - INFO - Mix policy: 3 CZ + 0 EZ (ratio=3:0, rule=only_cz_available, delta=inf, intent=balanced, mem_conf=1.00)
2026-03-03 01:33:50,019 - services.recommendation.main - INFO - [t_45f50aa7] Mix policy: only_cz_available (ratio=3:0, conf=1.00)
2026-03-03 01:33:50,019 - services.recommendation.main - INFO - [t_45f50aa7] Non-finite response fields sanitized count=3 sample=['mix_policy.inputs_used.delta', 'mix_policy.delta', 'decision_trace.mix_policy.components.delta']
2026-03-03 01:33:50,019 - services.recommendation.main - INFO - [t_45f50aa7] Response ready
INFO:     127.0.0.1:50423 - "POST /score HTTP/1.1" 200 OK
2026-03-03 01:33:50,126 - services.recommendation.main - INFO - [t_ac731e72] POST /score - user_id=step5_demo_user, city=tokyo, tags=['food', 'ramen'], intent=None, memory_confidence=None
2026-03-03 01:33:50,126 - services.recommendation.main - INFO - [t_ac731e72] Stage 1: Recall (CZ city-only, EZ global)
2026-03-03 01:33:50,128 - services.recommendation.db - INFO - Loaded 15 items for city: tokyo
2026-03-03 01:33:50,128 - services.recommendation.db - INFO - Title sanitization: changed=0 (city=tokyo)
2026-03-03 01:33:50,128 - services.recommendation.recall - INFO - Recall: CZ=15 (city-only), EZ=13 (city-only, excellence >= 0.8)
2026-03-03 01:33:50,128 - services.recommendation.main - INFO - [t_ac731e72] Recall: CZ=15 (city-only), EZ=13 (global)
2026-03-03 01:33:50,128 - services.recommendation.main - INFO - [t_ac731e72] Stage 2: Rerank (v1.3)
2026-03-03 01:33:50,169 - services.recommendation.rerank - INFO - Rerank: 10 CZ items (filtered 15 → 15), 0 EZ items
2026-03-03 01:33:50,169 - services.recommendation.rerank - INFO - Top 5 CZ memory_influence: [1.1741, 1.1693, 1.1648, 1.1633, 1.1936]
2026-03-03 01:33:50,169 - services.recommendation.main - INFO - [t_ac731e72] Rerank: 10 CZ, 0 EZ
2026-03-03 01:33:50,169 - services.recommendation.mix_policy - INFO - Mix policy: 3 CZ + 0 EZ (ratio=3:0, rule=only_cz_available, delta=inf, intent=balanced, mem_conf=0.50)
2026-03-03 01:33:50,169 - services.recommendation.main - INFO - [t_ac731e72] Mix policy: only_cz_available (ratio=3:0, conf=1.00)
2026-03-03 01:33:50,169 - services.recommendation.main - INFO - [t_ac731e72] Non-finite response fields sanitized count=3 sample=['mix_policy.inputs_used.delta', 'mix_policy.delta', 'decision_trace.mix_policy.components.delta']
2026-03-03 01:33:50,169 - services.recommendation.main - INFO - [t_ac731e72] Response ready
INFO:     127.0.0.1:50456 - "POST /score HTTP/1.1" 200 OK
2026-03-03 01:33:56,820 - services.recommendation.main - INFO - [t_8f97a3d5] POST /score - user_id=step5_demo_user, city=tokyo, tags=['ramen'], intent=balanced, memory_confidence=1.0
2026-03-03 01:33:56,820 - services.recommendation.main - INFO - [t_8f97a3d5] Stage 1: Recall (CZ city-only, EZ global)
2026-03-03 01:33:56,822 - services.recommendation.db - INFO - Loaded 15 items for city: tokyo
2026-03-03 01:33:56,822 - services.recommendation.db - INFO - Title sanitization: changed=0 (city=tokyo)
2026-03-03 01:33:56,822 - services.recommendation.recall - INFO - Recall: CZ=15 (city-only), EZ=13 (city-only, excellence >= 0.8)
2026-03-03 01:33:56,822 - services.recommendation.main - INFO - [t_8f97a3d5] Recall: CZ=15 (city-only), EZ=13 (global)
2026-03-03 01:33:56,822 - services.recommendation.main - INFO - [t_8f97a3d5] Stage 2: Rerank (v1.3)
2026-03-03 01:33:56,860 - services.recommendation.rerank - INFO - Rerank: 10 CZ items (filtered 15 → 15), 0 EZ items
2026-03-03 01:33:56,860 - services.recommendation.rerank - INFO - Top 5 CZ memory_influence: [1.1871, 1.1859, 1.1851, 1.1933, 1.1693]
2026-03-03 01:33:56,860 - services.recommendation.main - INFO - [t_8f97a3d5] Rerank: 10 CZ, 0 EZ
2026-03-03 01:33:56,860 - services.recommendation.mix_policy - INFO - Mix policy: 3 CZ + 0 EZ (ratio=3:0, rule=only_cz_available, delta=inf, intent=balanced, mem_conf=1.00)
2026-03-03 01:33:56,860 - services.recommendation.main - INFO - [t_8f97a3d5] Mix policy: only_cz_available (ratio=3:0, conf=1.00)
2026-03-03 01:33:56,860 - services.recommendation.main - INFO - [t_8f97a3d5] Non-finite response fields sanitized count=3 sample=['mix_policy.inputs_used.delta', 'mix_policy.delta', 'decision_trace.mix_policy.components.delta']
2026-03-03 01:33:56,860 - services.recommendation.main - INFO - [t_8f97a3d5] Response ready
INFO:     127.0.0.1:50502 - "POST /score HTTP/1.1" 200 OK
2026-03-03 01:33:56,956 - services.recommendation.main - INFO - [t_ef8b8125] POST /score - user_id=step5_demo_user, city=tokyo, tags=['ramen'], intent=None, memory_confidence=None
2026-03-03 01:33:56,956 - services.recommendation.main - INFO - [t_ef8b8125] Stage 1: Recall (CZ city-only, EZ global)
2026-03-03 01:33:56,958 - services.recommendation.db - INFO - Loaded 15 items for city: tokyo
2026-03-03 01:33:56,958 - services.recommendation.db - INFO - Title sanitization: changed=0 (city=tokyo)
2026-03-03 01:33:56,958 - services.recommendation.recall - INFO - Recall: CZ=15 (city-only), EZ=13 (city-only, excellence >= 0.8)
2026-03-03 01:33:56,958 - services.recommendation.main - INFO - [t_ef8b8125] Recall: CZ=15 (city-only), EZ=13 (global)
2026-03-03 01:33:56,958 - services.recommendation.main - INFO - [t_ef8b8125] Stage 2: Rerank (v1.3)
2026-03-03 01:33:56,994 - services.recommendation.rerank - INFO - Rerank: 10 CZ items (filtered 15 → 15), 0 EZ items
2026-03-03 01:33:56,994 - services.recommendation.rerank - INFO - Top 5 CZ memory_influence: [1.1871, 1.1859, 1.1851, 1.1933, 1.1693]
2026-03-03 01:33:56,995 - services.recommendation.main - INFO - [t_ef8b8125] Rerank: 10 CZ, 0 EZ
2026-03-03 01:33:56,995 - services.recommendation.mix_policy - INFO - Mix policy: 3 CZ + 0 EZ (ratio=3:0, rule=only_cz_available, delta=inf, intent=balanced, mem_conf=0.50)
2026-03-03 01:33:56,995 - services.recommendation.main - INFO - [t_ef8b8125] Mix policy: only_cz_available (ratio=3:0, conf=1.00)
2026-03-03 01:33:56,995 - services.recommendation.main - INFO - [t_ef8b8125] Non-finite response fields sanitized count=3 sample=['mix_policy.inputs_used.delta', 'mix_policy.delta', 'decision_trace.mix_policy.components.delta']
2026-03-03 01:33:56,995 - services.recommendation.main - INFO - [t_ef8b8125] Response ready
INFO:     127.0.0.1:50535 - "POST /score HTTP/1.1" 200 OK
2026-03-03 01:34:02,153 - services.recommendation.main - INFO - [t_974aaba7] POST /score - user_id=step5_demo_user, city=tokyo, tags=['ramen'], intent=balanced, memory_confidence=1.0
2026-03-03 01:34:02,153 - services.recommendation.main - INFO - [t_974aaba7] Stage 1: Recall (CZ city-only, EZ global)
2026-03-03 01:34:02,157 - services.recommendation.db - INFO - Loaded 15 items for city: tokyo
2026-03-03 01:34:02,157 - services.recommendation.db - INFO - Title sanitization: changed=0 (city=tokyo)
2026-03-03 01:34:02,157 - services.recommendation.recall - INFO - Recall: CZ=15 (city-only), EZ=13 (city-only, excellence >= 0.8)
2026-03-03 01:34:02,157 - services.recommendation.main - INFO - [t_974aaba7] Recall: CZ=15 (city-only), EZ=13 (global)
2026-03-03 01:34:02,157 - services.recommendation.main - INFO - [t_974aaba7] Stage 2: Rerank (v1.3)
2026-03-03 01:34:02,195 - services.recommendation.rerank - INFO - Rerank: 10 CZ items (filtered 15 → 15), 0 EZ items
2026-03-03 01:34:02,195 - services.recommendation.rerank - INFO - Top 5 CZ memory_influence: [1.1871, 1.1859, 1.1851, 1.1933, 1.1693]
2026-03-03 01:34:02,195 - services.recommendation.main - INFO - [t_974aaba7] Rerank: 10 CZ, 0 EZ
2026-03-03 01:34:02,195 - services.recommendation.mix_policy - INFO - Mix policy: 3 CZ + 0 EZ (ratio=3:0, rule=only_cz_available, delta=inf, intent=balanced, mem_conf=1.00)
2026-03-03 01:34:02,195 - services.recommendation.main - INFO - [t_974aaba7] Mix policy: only_cz_available (ratio=3:0, conf=1.00)
2026-03-03 01:34:02,195 - services.recommendation.main - INFO - [t_974aaba7] Non-finite response fields sanitized count=3 sample=['mix_policy.inputs_used.delta', 'mix_policy.delta', 'decision_trace.mix_policy.components.delta']
2026-03-03 01:34:02,195 - services.recommendation.main - INFO - [t_974aaba7] Response ready
INFO:     127.0.0.1:50579 - "POST /score HTTP/1.1" 200 OK
2026-03-03 01:34:02,290 - services.recommendation.main - INFO - [t_1bcfc12c] POST /score - user_id=step5_demo_user, city=tokyo, tags=['ramen'], intent=None, memory_confidence=None
2026-03-03 01:34:02,290 - services.recommendation.main - INFO - [t_1bcfc12c] Stage 1: Recall (CZ city-only, EZ global)
2026-03-03 01:34:02,292 - services.recommendation.db - INFO - Loaded 15 items for city: tokyo
2026-03-03 01:34:02,292 - services.recommendation.db - INFO - Title sanitization: changed=0 (city=tokyo)
2026-03-03 01:34:02,292 - services.recommendation.recall - INFO - Recall: CZ=15 (city-only), EZ=13 (city-only, excellence >= 0.8)
2026-03-03 01:34:02,292 - services.recommendation.main - INFO - [t_1bcfc12c] Recall: CZ=15 (city-only), EZ=13 (global)
2026-03-03 01:34:02,292 - services.recommendation.main - INFO - [t_1bcfc12c] Stage 2: Rerank (v1.3)
2026-03-03 01:34:02,330 - services.recommendation.rerank - INFO - Rerank: 10 CZ items (filtered 15 → 15), 0 EZ items
2026-03-03 01:34:02,330 - services.recommendation.rerank - INFO - Top 5 CZ memory_influence: [1.1871, 1.1859, 1.1851, 1.1933, 1.1693]
2026-03-03 01:34:02,330 - services.recommendation.main - INFO - [t_1bcfc12c] Rerank: 10 CZ, 0 EZ
2026-03-03 01:34:02,330 - services.recommendation.mix_policy - INFO - Mix policy: 3 CZ + 0 EZ (ratio=3:0, rule=only_cz_available, delta=inf, intent=balanced, mem_conf=0.50)
2026-03-03 01:34:02,330 - services.recommendation.main - INFO - [t_1bcfc12c] Mix policy: only_cz_available (ratio=3:0, conf=1.00)
2026-03-03 01:34:02,330 - services.recommendation.main - INFO - [t_1bcfc12c] Non-finite response fields sanitized count=3 sample=['mix_policy.inputs_used.delta', 'mix_policy.delta', 'decision_trace.mix_policy.components.delta']
2026-03-03 01:34:02,330 - services.recommendation.main - INFO - [t_1bcfc12c] Response ready
INFO:     127.0.0.1:50612 - "POST /score HTTP/1.1" 200 OK
2026-03-03 01:34:09,589 - services.recommendation.main - INFO - [t_84682842] POST /score - user_id=step5_demo_user, city=tokyo, tags=['ramen', 'street_food'], intent=balanced, memory_confidence=0.611996
2026-03-03 01:34:09,589 - services.recommendation.main - INFO - [t_84682842] Stage 1: Recall (CZ city-only, EZ global)
2026-03-03 01:34:09,592 - services.recommendation.db - INFO - Loaded 15 items for city: tokyo
2026-03-03 01:34:09,592 - services.recommendation.db - INFO - Title sanitization: changed=0 (city=tokyo)
2026-03-03 01:34:09,592 - services.recommendation.recall - INFO - Recall: CZ=15 (city-only), EZ=13 (city-only, excellence >= 0.8)
2026-03-03 01:34:09,592 - services.recommendation.main - INFO - [t_84682842] Recall: CZ=15 (city-only), EZ=13 (global)
2026-03-03 01:34:09,592 - services.recommendation.main - INFO - [t_84682842] Stage 2: Rerank (v1.3)
2026-03-03 01:34:09,633 - services.recommendation.rerank - INFO - Rerank: 10 CZ items (filtered 15 → 15), 0 EZ items
2026-03-03 01:34:09,633 - services.recommendation.rerank - INFO - Top 5 CZ memory_influence: [1.1722, 1.1717, 1.1679, 1.1981, 1.1671]
2026-03-03 01:34:09,633 - services.recommendation.main - INFO - [t_84682842] Rerank: 10 CZ, 0 EZ
2026-03-03 01:34:09,633 - services.recommendation.mix_policy - INFO - Mix policy: 3 CZ + 0 EZ (ratio=3:0, rule=only_cz_available, delta=inf, intent=balanced, mem_conf=0.61)
2026-03-03 01:34:09,633 - services.recommendation.main - INFO - [t_84682842] Mix policy: only_cz_available (ratio=3:0, conf=1.00)
2026-03-03 01:34:09,633 - services.recommendation.main - INFO - [t_84682842] Non-finite response fields sanitized count=3 sample=['mix_policy.inputs_used.delta', 'mix_policy.delta', 'decision_trace.mix_policy.components.delta']
2026-03-03 01:34:09,633 - services.recommendation.main - INFO - [t_84682842] Response ready
INFO:     127.0.0.1:50657 - "POST /score HTTP/1.1" 200 OK
2026-03-03 01:34:09,726 - services.recommendation.main - INFO - [t_a719169e] POST /score - user_id=step5_demo_user, city=tokyo, tags=['ramen'], intent=None, memory_confidence=None
2026-03-03 01:34:09,726 - services.recommendation.main - INFO - [t_a719169e] Stage 1: Recall (CZ city-only, EZ global)
2026-03-03 01:34:09,728 - services.recommendation.db - INFO - Loaded 15 items for city: tokyo
2026-03-03 01:34:09,728 - services.recommendation.db - INFO - Title sanitization: changed=0 (city=tokyo)
2026-03-03 01:34:09,728 - services.recommendation.recall - INFO - Recall: CZ=15 (city-only), EZ=13 (city-only, excellence >= 0.8)
2026-03-03 01:34:09,728 - services.recommendation.main - INFO - [t_a719169e] Recall: CZ=15 (city-only), EZ=13 (global)
2026-03-03 01:34:09,728 - services.recommendation.main - INFO - [t_a719169e] Stage 2: Rerank (v1.3)
2026-03-03 01:34:09,765 - services.recommendation.rerank - INFO - Rerank: 10 CZ items (filtered 15 → 15), 0 EZ items
2026-03-03 01:34:09,765 - services.recommendation.rerank - INFO - Top 5 CZ memory_influence: [1.1871, 1.1859, 1.1851, 1.1933, 1.1693]
2026-03-03 01:34:09,765 - services.recommendation.main - INFO - [t_a719169e] Rerank: 10 CZ, 0 EZ
2026-03-03 01:34:09,765 - services.recommendation.mix_policy - INFO - Mix policy: 3 CZ + 0 EZ (ratio=3:0, rule=only_cz_available, delta=inf, intent=balanced, mem_conf=0.50)
2026-03-03 01:34:09,765 - services.recommendation.main - INFO - [t_a719169e] Mix policy: only_cz_available (ratio=3:0, conf=1.00)
2026-03-03 01:34:09,766 - services.recommendation.main - INFO - [t_a719169e] Non-finite response fields sanitized count=3 sample=['mix_policy.inputs_used.delta', 'mix_policy.delta', 'decision_trace.mix_policy.components.delta']
2026-03-03 01:34:09,766 - services.recommendation.main - INFO - [t_a719169e] Response ready
INFO:     127.0.0.1:50690 - "POST /score HTTP/1.1" 200 OK
2026-03-03 01:34:15,193 - services.recommendation.main - INFO - [t_8dbfa4e7] POST /score - user_id=step5_demo_user, city=tokyo, tags=['ramen'], intent=balanced, memory_confidence=1.0
2026-03-03 01:34:15,194 - services.recommendation.main - INFO - [t_8dbfa4e7] Stage 1: Recall (CZ city-only, EZ global)
2026-03-03 01:34:15,196 - services.recommendation.db - INFO - Loaded 15 items for city: tokyo
2026-03-03 01:34:15,196 - services.recommendation.db - INFO - Title sanitization: changed=0 (city=tokyo)
2026-03-03 01:34:15,196 - services.recommendation.recall - INFO - Recall: CZ=15 (city-only), EZ=13 (city-only, excellence >= 0.8)
2026-03-03 01:34:15,196 - services.recommendation.main - INFO - [t_8dbfa4e7] Recall: CZ=15 (city-only), EZ=13 (global)
2026-03-03 01:34:15,196 - services.recommendation.main - INFO - [t_8dbfa4e7] Stage 2: Rerank (v1.3)
2026-03-03 01:34:15,235 - services.recommendation.rerank - INFO - Rerank: 10 CZ items (filtered 15 → 15), 0 EZ items
2026-03-03 01:34:15,235 - services.recommendation.rerank - INFO - Top 5 CZ memory_influence: [1.1871, 1.1859, 1.1851, 1.1933, 1.1693]
2026-03-03 01:34:15,235 - services.recommendation.main - INFO - [t_8dbfa4e7] Rerank: 10 CZ, 0 EZ
2026-03-03 01:34:15,235 - services.recommendation.mix_policy - INFO - Mix policy: 3 CZ + 0 EZ (ratio=3:0, rule=only_cz_available, delta=inf, intent=balanced, mem_conf=1.00)
2026-03-03 01:34:15,235 - services.recommendation.main - INFO - [t_8dbfa4e7] Mix policy: only_cz_available (ratio=3:0, conf=1.00)
2026-03-03 01:34:15,235 - services.recommendation.main - INFO - [t_8dbfa4e7] Non-finite response fields sanitized count=3 sample=['mix_policy.inputs_used.delta', 'mix_policy.delta', 'decision_trace.mix_policy.components.delta']
2026-03-03 01:34:15,235 - services.recommendation.main - INFO - [t_8dbfa4e7] Response ready
INFO:     127.0.0.1:50745 - "POST /score HTTP/1.1" 200 OK
2026-03-03 01:34:15,345 - services.recommendation.main - INFO - [t_dea0ad81] POST /score - user_id=step5_demo_user, city=tokyo, tags=['ramen'], intent=None, memory_confidence=None
2026-03-03 01:34:15,345 - services.recommendation.main - INFO - [t_dea0ad81] Stage 1: Recall (CZ city-only, EZ global)
2026-03-03 01:34:15,347 - services.recommendation.db - INFO - Loaded 15 items for city: tokyo
2026-03-03 01:34:15,347 - services.recommendation.db - INFO - Title sanitization: changed=0 (city=tokyo)
2026-03-03 01:34:15,347 - services.recommendation.recall - INFO - Recall: CZ=15 (city-only), EZ=13 (city-only, excellence >= 0.8)
2026-03-03 01:34:15,347 - services.recommendation.main - INFO - [t_dea0ad81] Recall: CZ=15 (city-only), EZ=13 (global)
2026-03-03 01:34:15,347 - services.recommendation.main - INFO - [t_dea0ad81] Stage 2: Rerank (v1.3)
2026-03-03 01:34:15,384 - services.recommendation.rerank - INFO - Rerank: 10 CZ items (filtered 15 → 15), 0 EZ items
2026-03-03 01:34:15,384 - services.recommendation.rerank - INFO - Top 5 CZ memory_influence: [1.1871, 1.1859, 1.1851, 1.1933, 1.1693]
2026-03-03 01:34:15,384 - services.recommendation.main - INFO - [t_dea0ad81] Rerank: 10 CZ, 0 EZ
2026-03-03 01:34:15,384 - services.recommendation.mix_policy - INFO - Mix policy: 3 CZ + 0 EZ (ratio=3:0, rule=only_cz_available, delta=inf, intent=balanced, mem_conf=0.50)
2026-03-03 01:34:15,384 - services.recommendation.main - INFO - [t_dea0ad81] Mix policy: only_cz_available (ratio=3:0, conf=1.00)
2026-03-03 01:34:15,384 - services.recommendation.main - INFO - [t_dea0ad81] Non-finite response fields sanitized count=3 sample=['mix_policy.inputs_used.delta', 'mix_policy.delta', 'decision_trace.mix_policy.components.delta']
2026-03-03 01:34:15,384 - services.recommendation.main - INFO - [t_dea0ad81] Response ready
INFO:     127.0.0.1:50778 - "POST /score HTTP/1.1" 200 OK
2026-03-03 01:34:21,124 - services.recommendation.main - INFO - [t_2b01c174] POST /score - user_id=step5_demo_user, city=tokyo, tags=['ramen'], intent=balanced, memory_confidence=1.0
2026-03-03 01:34:21,124 - services.recommendation.main - INFO - [t_2b01c174] Stage 1: Recall (CZ city-only, EZ global)
2026-03-03 01:34:21,128 - services.recommendation.db - INFO - Loaded 15 items for city: tokyo
2026-03-03 01:34:21,128 - services.recommendation.db - INFO - Title sanitization: changed=0 (city=tokyo)
2026-03-03 01:34:21,128 - services.recommendation.recall - INFO - Recall: CZ=15 (city-only), EZ=13 (city-only, excellence >= 0.8)
2026-03-03 01:34:21,129 - services.recommendation.main - INFO - [t_2b01c174] Recall: CZ=15 (city-only), EZ=13 (global)
2026-03-03 01:34:21,129 - services.recommendation.main - INFO - [t_2b01c174] Stage 2: Rerank (v1.3)
2026-03-03 01:34:21,168 - services.recommendation.rerank - INFO - Rerank: 10 CZ items (filtered 15 → 15), 0 EZ items
2026-03-03 01:34:21,168 - services.recommendation.rerank - INFO - Top 5 CZ memory_influence: [1.1871, 1.1859, 1.1851, 1.1933, 1.1693]
2026-03-03 01:34:21,168 - services.recommendation.main - INFO - [t_2b01c174] Rerank: 10 CZ, 0 EZ
2026-03-03 01:34:21,168 - services.recommendation.mix_policy - INFO - Mix policy: 3 CZ + 0 EZ (ratio=3:0, rule=only_cz_available, delta=inf, intent=balanced, mem_conf=1.00)
2026-03-03 01:34:21,168 - services.recommendation.main - INFO - [t_2b01c174] Mix policy: only_cz_available (ratio=3:0, conf=1.00)
2026-03-03 01:34:21,168 - services.recommendation.main - INFO - [t_2b01c174] Non-finite response fields sanitized count=3 sample=['mix_policy.inputs_used.delta', 'mix_policy.delta', 'decision_trace.mix_policy.components.delta']
2026-03-03 01:34:21,168 - services.recommendation.main - INFO - [t_2b01c174] Response ready
INFO:     127.0.0.1:50823 - "POST /score HTTP/1.1" 200 OK
2026-03-03 01:34:21,266 - services.recommendation.main - INFO - [t_3277896a] POST /score - user_id=step5_demo_user, city=tokyo, tags=['ramen'], intent=None, memory_confidence=None
2026-03-03 01:34:21,266 - services.recommendation.main - INFO - [t_3277896a] Stage 1: Recall (CZ city-only, EZ global)
2026-03-03 01:34:21,268 - services.recommendation.db - INFO - Loaded 15 items for city: tokyo
2026-03-03 01:34:21,268 - services.recommendation.db - INFO - Title sanitization: changed=0 (city=tokyo)
2026-03-03 01:34:21,268 - services.recommendation.recall - INFO - Recall: CZ=15 (city-only), EZ=13 (city-only, excellence >= 0.8)
2026-03-03 01:34:21,268 - services.recommendation.main - INFO - [t_3277896a] Recall: CZ=15 (city-only), EZ=13 (global)
2026-03-03 01:34:21,268 - services.recommendation.main - INFO - [t_3277896a] Stage 2: Rerank (v1.3)
2026-03-03 01:34:21,306 - services.recommendation.rerank - INFO - Rerank: 10 CZ items (filtered 15 → 15), 0 EZ items
2026-03-03 01:34:21,306 - services.recommendation.rerank - INFO - Top 5 CZ memory_influence: [1.1871, 1.1859, 1.1851, 1.1933, 1.1693]
2026-03-03 01:34:21,306 - services.recommendation.main - INFO - [t_3277896a] Rerank: 10 CZ, 0 EZ
2026-03-03 01:34:21,306 - services.recommendation.mix_policy - INFO - Mix policy: 3 CZ + 0 EZ (ratio=3:0, rule=only_cz_available, delta=inf, intent=balanced, mem_conf=0.50)
2026-03-03 01:34:21,306 - services.recommendation.main - INFO - [t_3277896a] Mix policy: only_cz_available (ratio=3:0, conf=1.00)
2026-03-03 01:34:21,306 - services.recommendation.main - INFO - [t_3277896a] Non-finite response fields sanitized count=3 sample=['mix_policy.inputs_used.delta', 'mix_policy.delta', 'decision_trace.mix_policy.components.delta']
2026-03-03 01:34:21,306 - services.recommendation.main - INFO - [t_3277896a] Response ready
INFO:     127.0.0.1:50856 - "POST /score HTTP/1.1" 200 OK
2026-03-03 01:34:27,615 - services.recommendation.main - INFO - [t_1f888258] POST /score - user_id=step5_demo_user, city=tokyo, tags=['ramen'], intent=balanced, memory_confidence=1.0
2026-03-03 01:34:27,615 - services.recommendation.main - INFO - [t_1f888258] Stage 1: Recall (CZ city-only, EZ global)
2026-03-03 01:34:27,619 - services.recommendation.db - INFO - Loaded 15 items for city: tokyo
2026-03-03 01:34:27,619 - services.recommendation.db - INFO - Title sanitization: changed=0 (city=tokyo)
2026-03-03 01:34:27,619 - services.recommendation.recall - INFO - Recall: CZ=15 (city-only), EZ=13 (city-only, excellence >= 0.8)
2026-03-03 01:34:27,619 - services.recommendation.main - INFO - [t_1f888258] Recall: CZ=15 (city-only), EZ=13 (global)
2026-03-03 01:34:27,619 - services.recommendation.main - INFO - [t_1f888258] Stage 2: Rerank (v1.3)
2026-03-03 01:34:27,657 - services.recommendation.rerank - INFO - Rerank: 10 CZ items (filtered 15 → 15), 0 EZ items
2026-03-03 01:34:27,657 - services.recommendation.rerank - INFO - Top 5 CZ memory_influence: [1.1871, 1.1859, 1.1851, 1.1933, 1.1693]
2026-03-03 01:34:27,657 - services.recommendation.main - INFO - [t_1f888258] Rerank: 10 CZ, 0 EZ
2026-03-03 01:34:27,657 - services.recommendation.mix_policy - INFO - Mix policy: 3 CZ + 0 EZ (ratio=3:0, rule=only_cz_available, delta=inf, intent=balanced, mem_conf=1.00)
2026-03-03 01:34:27,657 - services.recommendation.main - INFO - [t_1f888258] Mix policy: only_cz_available (ratio=3:0, conf=1.00)
2026-03-03 01:34:27,657 - services.recommendation.main - INFO - [t_1f888258] Non-finite response fields sanitized count=3 sample=['mix_policy.inputs_used.delta', 'mix_policy.delta', 'decision_trace.mix_policy.components.delta']
2026-03-03 01:34:27,657 - services.recommendation.main - INFO - [t_1f888258] Response ready
INFO:     127.0.0.1:50901 - "POST /score HTTP/1.1" 200 OK
2026-03-03 01:34:27,749 - services.recommendation.main - INFO - [t_ce3e8d64] POST /score - user_id=step5_demo_user, city=tokyo, tags=['ramen'], intent=None, memory_confidence=None
2026-03-03 01:34:27,749 - services.recommendation.main - INFO - [t_ce3e8d64] Stage 1: Recall (CZ city-only, EZ global)
2026-03-03 01:34:27,751 - services.recommendation.db - INFO - Loaded 15 items for city: tokyo
2026-03-03 01:34:27,751 - services.recommendation.db - INFO - Title sanitization: changed=0 (city=tokyo)
2026-03-03 01:34:27,751 - services.recommendation.recall - INFO - Recall: CZ=15 (city-only), EZ=13 (city-only, excellence >= 0.8)
2026-03-03 01:34:27,751 - services.recommendation.main - INFO - [t_ce3e8d64] Recall: CZ=15 (city-only), EZ=13 (global)
2026-03-03 01:34:27,751 - services.recommendation.main - INFO - [t_ce3e8d64] Stage 2: Rerank (v1.3)
2026-03-03 01:34:27,788 - services.recommendation.rerank - INFO - Rerank: 10 CZ items (filtered 15 → 15), 0 EZ items
2026-03-03 01:34:27,788 - services.recommendation.rerank - INFO - Top 5 CZ memory_influence: [1.1871, 1.1859, 1.1851, 1.1933, 1.1693]
2026-03-03 01:34:27,788 - services.recommendation.main - INFO - [t_ce3e8d64] Rerank: 10 CZ, 0 EZ
2026-03-03 01:34:27,788 - services.recommendation.mix_policy - INFO - Mix policy: 3 CZ + 0 EZ (ratio=3:0, rule=only_cz_available, delta=inf, intent=balanced, mem_conf=0.50)
2026-03-03 01:34:27,788 - services.recommendation.main - INFO - [t_ce3e8d64] Mix policy: only_cz_available (ratio=3:0, conf=1.00)
2026-03-03 01:34:27,788 - services.recommendation.main - INFO - [t_ce3e8d64] Non-finite response fields sanitized count=3 sample=['mix_policy.inputs_used.delta', 'mix_policy.delta', 'decision_trace.mix_policy.components.delta']
2026-03-03 01:34:27,788 - services.recommendation.main - INFO - [t_ce3e8d64] Response ready
INFO:     127.0.0.1:50934 - "POST /score HTTP/1.1" 200 OK
2026-03-03 01:34:33,144 - services.recommendation.main - INFO - [t_f6ec716a] POST /score - user_id=step5_demo_user, city=tokyo, tags=['ramen', 'street_food'], intent=balanced, memory_confidence=0.611992
2026-03-03 01:34:33,144 - services.recommendation.main - INFO - [t_f6ec716a] Stage 1: Recall (CZ city-only, EZ global)
2026-03-03 01:34:33,147 - services.recommendation.db - INFO - Loaded 15 items for city: tokyo
2026-03-03 01:34:33,147 - services.recommendation.db - INFO - Title sanitization: changed=0 (city=tokyo)
2026-03-03 01:34:33,147 - services.recommendation.recall - INFO - Recall: CZ=15 (city-only), EZ=13 (city-only, excellence >= 0.8)
2026-03-03 01:34:33,147 - services.recommendation.main - INFO - [t_f6ec716a] Recall: CZ=15 (city-only), EZ=13 (global)
2026-03-03 01:34:33,147 - services.recommendation.main - INFO - [t_f6ec716a] Stage 2: Rerank (v1.3)
2026-03-03 01:34:33,192 - services.recommendation.rerank - INFO - Rerank: 10 CZ items (filtered 15 → 15), 0 EZ items
2026-03-03 01:34:33,192 - services.recommendation.rerank - INFO - Top 5 CZ memory_influence: [1.1722, 1.1717, 1.1679, 1.1981, 1.1671]
2026-03-03 01:34:33,192 - services.recommendation.main - INFO - [t_f6ec716a] Rerank: 10 CZ, 0 EZ
2026-03-03 01:34:33,192 - services.recommendation.mix_policy - INFO - Mix policy: 3 CZ + 0 EZ (ratio=3:0, rule=only_cz_available, delta=inf, intent=balanced, mem_conf=0.61)
2026-03-03 01:34:33,192 - services.recommendation.main - INFO - [t_f6ec716a] Mix policy: only_cz_available (ratio=3:0, conf=1.00)
2026-03-03 01:34:33,192 - services.recommendation.main - INFO - [t_f6ec716a] Non-finite response fields sanitized count=3 sample=['mix_policy.inputs_used.delta', 'mix_policy.delta', 'decision_trace.mix_policy.components.delta']
2026-03-03 01:34:33,192 - services.recommendation.main - INFO - [t_f6ec716a] Response ready
INFO:     127.0.0.1:50977 - "POST /score HTTP/1.1" 200 OK
2026-03-03 01:34:33,289 - services.recommendation.main - INFO - [t_f55115bb] POST /score - user_id=step5_demo_user, city=tokyo, tags=['ramen'], intent=None, memory_confidence=None
2026-03-03 01:34:33,289 - services.recommendation.main - INFO - [t_f55115bb] Stage 1: Recall (CZ city-only, EZ global)
2026-03-03 01:34:33,291 - services.recommendation.db - INFO - Loaded 15 items for city: tokyo
2026-03-03 01:34:33,291 - services.recommendation.db - INFO - Title sanitization: changed=0 (city=tokyo)
2026-03-03 01:34:33,291 - services.recommendation.recall - INFO - Recall: CZ=15 (city-only), EZ=13 (city-only, excellence >= 0.8)
2026-03-03 01:34:33,291 - services.recommendation.main - INFO - [t_f55115bb] Recall: CZ=15 (city-only), EZ=13 (global)
2026-03-03 01:34:33,291 - services.recommendation.main - INFO - [t_f55115bb] Stage 2: Rerank (v1.3)
2026-03-03 01:34:33,332 - services.recommendation.rerank - INFO - Rerank: 10 CZ items (filtered 15 → 15), 0 EZ items
2026-03-03 01:34:33,332 - services.recommendation.rerank - INFO - Top 5 CZ memory_influence: [1.1871, 1.1859, 1.1851, 1.1933, 1.1693]
2026-03-03 01:34:33,332 - services.recommendation.main - INFO - [t_f55115bb] Rerank: 10 CZ, 0 EZ
2026-03-03 01:34:33,332 - services.recommendation.mix_policy - INFO - Mix policy: 3 CZ + 0 EZ (ratio=3:0, rule=only_cz_available, delta=inf, intent=balanced, mem_conf=0.50)
2026-03-03 01:34:33,332 - services.recommendation.main - INFO - [t_f55115bb] Mix policy: only_cz_available (ratio=3:0, conf=1.00)
2026-03-03 01:34:33,332 - services.recommendation.main - INFO - [t_f55115bb] Non-finite response fields sanitized count=3 sample=['mix_policy.inputs_used.delta', 'mix_policy.delta', 'decision_trace.mix_policy.components.delta']
2026-03-03 01:34:33,332 - services.recommendation.main - INFO - [t_f55115bb] Response ready
INFO:     127.0.0.1:51010 - "POST /score HTTP/1.1" 200 OK
2026-03-03 01:34:39,496 - services.recommendation.main - INFO - [t_7b6029bb] POST /score - user_id=step5_demo_user, city=tokyo, tags=['ramen', 'street_food'], intent=balanced, memory_confidence=0.611991
2026-03-03 01:34:39,496 - services.recommendation.main - INFO - [t_7b6029bb] Stage 1: Recall (CZ city-only, EZ global)
2026-03-03 01:34:39,498 - services.recommendation.db - INFO - Loaded 15 items for city: tokyo
2026-03-03 01:34:39,498 - services.recommendation.db - INFO - Title sanitization: changed=0 (city=tokyo)
2026-03-03 01:34:39,498 - services.recommendation.recall - INFO - Recall: CZ=15 (city-only), EZ=13 (city-only, excellence >= 0.8)
2026-03-03 01:34:39,498 - services.recommendation.main - INFO - [t_7b6029bb] Recall: CZ=15 (city-only), EZ=13 (global)
2026-03-03 01:34:39,498 - services.recommendation.main - INFO - [t_7b6029bb] Stage 2: Rerank (v1.3)
2026-03-03 01:34:39,539 - services.recommendation.rerank - INFO - Rerank: 10 CZ items (filtered 15 → 15), 0 EZ items
2026-03-03 01:34:39,539 - services.recommendation.rerank - INFO - Top 5 CZ memory_influence: [1.1722, 1.1717, 1.1679, 1.1981, 1.1671]
2026-03-03 01:34:39,539 - services.recommendation.main - INFO - [t_7b6029bb] Rerank: 10 CZ, 0 EZ
2026-03-03 01:34:39,539 - services.recommendation.mix_policy - INFO - Mix policy: 3 CZ + 0 EZ (ratio=3:0, rule=only_cz_available, delta=inf, intent=balanced, mem_conf=0.61)
2026-03-03 01:34:39,539 - services.recommendation.main - INFO - [t_7b6029bb] Mix policy: only_cz_available (ratio=3:0, conf=1.00)
2026-03-03 01:34:39,539 - services.recommendation.main - INFO - [t_7b6029bb] Non-finite response fields sanitized count=3 sample=['mix_policy.inputs_used.delta', 'mix_policy.delta', 'decision_trace.mix_policy.components.delta']
2026-03-03 01:34:39,539 - services.recommendation.main - INFO - [t_7b6029bb] Response ready
INFO:     127.0.0.1:51055 - "POST /score HTTP/1.1" 200 OK
2026-03-03 01:34:39,634 - services.recommendation.main - INFO - [t_72a3cb11] POST /score - user_id=step5_demo_user, city=tokyo, tags=['ramen'], intent=None, memory_confidence=None
2026-03-03 01:34:39,634 - services.recommendation.main - INFO - [t_72a3cb11] Stage 1: Recall (CZ city-only, EZ global)
2026-03-03 01:34:39,636 - services.recommendation.db - INFO - Loaded 15 items for city: tokyo
2026-03-03 01:34:39,636 - services.recommendation.db - INFO - Title sanitization: changed=0 (city=tokyo)
2026-03-03 01:34:39,637 - services.recommendation.recall - INFO - Recall: CZ=15 (city-only), EZ=13 (city-only, excellence >= 0.8)
2026-03-03 01:34:39,637 - services.recommendation.main - INFO - [t_72a3cb11] Recall: CZ=15 (city-only), EZ=13 (global)
2026-03-03 01:34:39,637 - services.recommendation.main - INFO - [t_72a3cb11] Stage 2: Rerank (v1.3)
2026-03-03 01:34:39,675 - services.recommendation.rerank - INFO - Rerank: 10 CZ items (filtered 15 → 15), 0 EZ items
2026-03-03 01:34:39,675 - services.recommendation.rerank - INFO - Top 5 CZ memory_influence: [1.1871, 1.1859, 1.1851, 1.1933, 1.1693]
2026-03-03 01:34:39,675 - services.recommendation.main - INFO - [t_72a3cb11] Rerank: 10 CZ, 0 EZ
2026-03-03 01:34:39,675 - services.recommendation.mix_policy - INFO - Mix policy: 3 CZ + 0 EZ (ratio=3:0, rule=only_cz_available, delta=inf, intent=balanced, mem_conf=0.50)
2026-03-03 01:34:39,675 - services.recommendation.main - INFO - [t_72a3cb11] Mix policy: only_cz_available (ratio=3:0, conf=1.00)
2026-03-03 01:34:39,675 - services.recommendation.main - INFO - [t_72a3cb11] Non-finite response fields sanitized count=3 sample=['mix_policy.inputs_used.delta', 'mix_policy.delta', 'decision_trace.mix_policy.components.delta']
2026-03-03 01:34:39,675 - services.recommendation.main - INFO - [t_72a3cb11] Response ready
INFO:     127.0.0.1:51088 - "POST /score HTTP/1.1" 200 OK
2026-03-03 01:34:45,355 - services.recommendation.main - INFO - [t_395c9a1a] POST /score - user_id=step5_demo_user, city=tokyo, tags=['ramen', 'street_food'], intent=balanced, memory_confidence=0.611991
2026-03-03 01:34:45,355 - services.recommendation.main - INFO - [t_395c9a1a] Stage 1: Recall (CZ city-only, EZ global)
2026-03-03 01:34:45,357 - services.recommendation.db - INFO - Loaded 15 items for city: tokyo
2026-03-03 01:34:45,357 - services.recommendation.db - INFO - Title sanitization: changed=0 (city=tokyo)
2026-03-03 01:34:45,357 - services.recommendation.recall - INFO - Recall: CZ=15 (city-only), EZ=13 (city-only, excellence >= 0.8)
2026-03-03 01:34:45,357 - services.recommendation.main - INFO - [t_395c9a1a] Recall: CZ=15 (city-only), EZ=13 (global)
2026-03-03 01:34:45,357 - services.recommendation.main - INFO - [t_395c9a1a] Stage 2: Rerank (v1.3)
2026-03-03 01:34:45,400 - services.recommendation.rerank - INFO - Rerank: 10 CZ items (filtered 15 → 15), 0 EZ items
2026-03-03 01:34:45,400 - services.recommendation.rerank - INFO - Top 5 CZ memory_influence: [1.1722, 1.1717, 1.1679, 1.1981, 1.1671]
2026-03-03 01:34:45,400 - services.recommendation.main - INFO - [t_395c9a1a] Rerank: 10 CZ, 0 EZ
2026-03-03 01:34:45,400 - services.recommendation.mix_policy - INFO - Mix policy: 3 CZ + 0 EZ (ratio=3:0, rule=only_cz_available, delta=inf, intent=balanced, mem_conf=0.61)
2026-03-03 01:34:45,400 - services.recommendation.main - INFO - [t_395c9a1a] Mix policy: only_cz_available (ratio=3:0, conf=1.00)
2026-03-03 01:34:45,400 - services.recommendation.main - INFO - [t_395c9a1a] Non-finite response fields sanitized count=3 sample=['mix_policy.inputs_used.delta', 'mix_policy.delta', 'decision_trace.mix_policy.components.delta']
2026-03-03 01:34:45,400 - services.recommendation.main - INFO - [t_395c9a1a] Response ready
INFO:     127.0.0.1:51133 - "POST /score HTTP/1.1" 200 OK
2026-03-03 01:34:45,490 - services.recommendation.main - INFO - [t_7a2e4606] POST /score - user_id=step5_demo_user, city=tokyo, tags=['ramen'], intent=None, memory_confidence=None
2026-03-03 01:34:45,490 - services.recommendation.main - INFO - [t_7a2e4606] Stage 1: Recall (CZ city-only, EZ global)
2026-03-03 01:34:45,492 - services.recommendation.db - INFO - Loaded 15 items for city: tokyo
2026-03-03 01:34:45,492 - services.recommendation.db - INFO - Title sanitization: changed=0 (city=tokyo)
2026-03-03 01:34:45,492 - services.recommendation.recall - INFO - Recall: CZ=15 (city-only), EZ=13 (city-only, excellence >= 0.8)
2026-03-03 01:34:45,492 - services.recommendation.main - INFO - [t_7a2e4606] Recall: CZ=15 (city-only), EZ=13 (global)
2026-03-03 01:34:45,492 - services.recommendation.main - INFO - [t_7a2e4606] Stage 2: Rerank (v1.3)
2026-03-03 01:34:45,529 - services.recommendation.rerank - INFO - Rerank: 10 CZ items (filtered 15 → 15), 0 EZ items
2026-03-03 01:34:45,529 - services.recommendation.rerank - INFO - Top 5 CZ memory_influence: [1.1871, 1.1859, 1.1851, 1.1933, 1.1693]
2026-03-03 01:34:45,529 - services.recommendation.main - INFO - [t_7a2e4606] Rerank: 10 CZ, 0 EZ
2026-03-03 01:34:45,529 - services.recommendation.mix_policy - INFO - Mix policy: 3 CZ + 0 EZ (ratio=3:0, rule=only_cz_available, delta=inf, intent=balanced, mem_conf=0.50)
2026-03-03 01:34:45,529 - services.recommendation.main - INFO - [t_7a2e4606] Mix policy: only_cz_available (ratio=3:0, conf=1.00)
2026-03-03 01:34:45,530 - services.recommendation.main - INFO - [t_7a2e4606] Non-finite response fields sanitized count=3 sample=['mix_policy.inputs_used.delta', 'mix_policy.delta', 'decision_trace.mix_policy.components.delta']
2026-03-03 01:34:45,530 - services.recommendation.main - INFO - [t_7a2e4606] Response ready
INFO:     127.0.0.1:51166 - "POST /score HTTP/1.1" 200 OK
2026-03-03 01:34:49,835 - services.recommendation.main - INFO - [t_483cf6c9] POST /score - user_id=step5_demo_user, city=tokyo, tags=['ramen', 'street_food'], intent=balanced, memory_confidence=0.611989
2026-03-03 01:34:49,835 - services.recommendation.main - INFO - [t_483cf6c9] Stage 1: Recall (CZ city-only, EZ global)
2026-03-03 01:34:49,838 - services.recommendation.db - INFO - Loaded 15 items for city: tokyo
2026-03-03 01:34:49,838 - services.recommendation.db - INFO - Title sanitization: changed=0 (city=tokyo)
2026-03-03 01:34:49,839 - services.recommendation.recall - INFO - Recall: CZ=15 (city-only), EZ=13 (city-only, excellence >= 0.8)
2026-03-03 01:34:49,839 - services.recommendation.main - INFO - [t_483cf6c9] Recall: CZ=15 (city-only), EZ=13 (global)
2026-03-03 01:34:49,839 - services.recommendation.main - INFO - [t_483cf6c9] Stage 2: Rerank (v1.3)
2026-03-03 01:34:49,881 - services.recommendation.rerank - INFO - Rerank: 10 CZ items (filtered 15 → 15), 0 EZ items
2026-03-03 01:34:49,881 - services.recommendation.rerank - INFO - Top 5 CZ memory_influence: [1.1722, 1.1717, 1.1679, 1.1981, 1.1671]
2026-03-03 01:34:49,881 - services.recommendation.main - INFO - [t_483cf6c9] Rerank: 10 CZ, 0 EZ
2026-03-03 01:34:49,881 - services.recommendation.mix_policy - INFO - Mix policy: 3 CZ + 0 EZ (ratio=3:0, rule=only_cz_available, delta=inf, intent=balanced, mem_conf=0.61)
2026-03-03 01:34:49,881 - services.recommendation.main - INFO - [t_483cf6c9] Mix policy: only_cz_available (ratio=3:0, conf=1.00)
2026-03-03 01:34:49,881 - services.recommendation.main - INFO - [t_483cf6c9] Non-finite response fields sanitized count=3 sample=['mix_policy.inputs_used.delta', 'mix_policy.delta', 'decision_trace.mix_policy.components.delta']
2026-03-03 01:34:49,881 - services.recommendation.main - INFO - [t_483cf6c9] Response ready
INFO:     127.0.0.1:51133 - "POST /score HTTP/1.1" 200 OK
2026-03-03 01:34:49,978 - services.recommendation.main - INFO - [t_f1b198a4] POST /score - user_id=step5_demo_user, city=tokyo, tags=['ramen'], intent=None, memory_confidence=None
2026-03-03 01:34:49,978 - services.recommendation.main - INFO - [t_f1b198a4] Stage 1: Recall (CZ city-only, EZ global)
2026-03-03 01:34:49,980 - services.recommendation.db - INFO - Loaded 15 items for city: tokyo
2026-03-03 01:34:49,980 - services.recommendation.db - INFO - Title sanitization: changed=0 (city=tokyo)
2026-03-03 01:34:49,980 - services.recommendation.recall - INFO - Recall: CZ=15 (city-only), EZ=13 (city-only, excellence >= 0.8)
2026-03-03 01:34:49,980 - services.recommendation.main - INFO - [t_f1b198a4] Recall: CZ=15 (city-only), EZ=13 (global)
2026-03-03 01:34:49,980 - services.recommendation.main - INFO - [t_f1b198a4] Stage 2: Rerank (v1.3)
2026-03-03 01:34:50,019 - services.recommendation.rerank - INFO - Rerank: 10 CZ items (filtered 15 → 15), 0 EZ items
2026-03-03 01:34:50,019 - services.recommendation.rerank - INFO - Top 5 CZ memory_influence: [1.1871, 1.1859, 1.1851, 1.1933, 1.1693]
2026-03-03 01:34:50,019 - services.recommendation.main - INFO - [t_f1b198a4] Rerank: 10 CZ, 0 EZ
2026-03-03 01:34:50,019 - services.recommendation.mix_policy - INFO - Mix policy: 3 CZ + 0 EZ (ratio=3:0, rule=only_cz_available, delta=inf, intent=balanced, mem_conf=0.50)
2026-03-03 01:34:50,019 - services.recommendation.main - INFO - [t_f1b198a4] Mix policy: only_cz_available (ratio=3:0, conf=1.00)
2026-03-03 01:34:50,019 - services.recommendation.main - INFO - [t_f1b198a4] Non-finite response fields sanitized count=3 sample=['mix_policy.inputs_used.delta', 'mix_policy.delta', 'decision_trace.mix_policy.components.delta']
2026-03-03 01:34:50,019 - services.recommendation.main - INFO - [t_f1b198a4] Response ready
INFO:     127.0.0.1:51240 - "POST /score HTTP/1.1" 200 OK
2026-03-03 01:35:21,270 - services.recommendation.main - INFO - [t_8e327c45] POST /score - user_id=step5_demo_user, city=tokyo, tags=['ramen'], intent=balanced, memory_confidence=1.0
2026-03-03 01:35:21,270 - services.recommendation.main - INFO - [t_8e327c45] Stage 1: Recall (CZ city-only, EZ global)
2026-03-03 01:35:21,279 - services.recommendation.db - INFO - Loaded 15 items for city: tokyo
2026-03-03 01:35:21,279 - services.recommendation.db - INFO - Title sanitization: changed=0 (city=tokyo)
2026-03-03 01:35:21,279 - services.recommendation.recall - INFO - Recall: CZ=15 (city-only), EZ=13 (city-only, excellence >= 0.8)
2026-03-03 01:35:21,279 - services.recommendation.main - INFO - [t_8e327c45] Recall: CZ=15 (city-only), EZ=13 (global)
2026-03-03 01:35:21,279 - services.recommendation.main - INFO - [t_8e327c45] Stage 2: Rerank (v1.3)
2026-03-03 01:35:21,314 - services.recommendation.rerank - INFO - Rerank: 10 CZ items (filtered 15 → 15), 0 EZ items
2026-03-03 01:35:21,314 - services.recommendation.rerank - INFO - Top 5 CZ memory_influence: [1.1871, 1.1859, 1.1851, 1.1933, 1.1693]
2026-03-03 01:35:21,314 - services.recommendation.main - INFO - [t_8e327c45] Rerank: 10 CZ, 0 EZ
2026-03-03 01:35:21,314 - services.recommendation.mix_policy - INFO - Mix policy: 3 CZ + 0 EZ (ratio=3:0, rule=only_cz_available, delta=inf, intent=balanced, mem_conf=1.00)
2026-03-03 01:35:21,314 - services.recommendation.main - INFO - [t_8e327c45] Mix policy: only_cz_available (ratio=3:0, conf=1.00)
2026-03-03 01:35:21,314 - services.recommendation.main - INFO - [t_8e327c45] Non-finite response fields sanitized count=3 sample=['mix_policy.inputs_used.delta', 'mix_policy.delta', 'decision_trace.mix_policy.components.delta']
2026-03-03 01:35:21,314 - services.recommendation.main - INFO - [t_8e327c45] Response ready
INFO:     127.0.0.1:51309 - "POST /score HTTP/1.1" 200 OK
2026-03-03 01:35:21,406 - services.recommendation.main - INFO - [t_1cbd508e] POST /score - user_id=step5_demo_user, city=tokyo, tags=['food', 'ramen'], intent=None, memory_confidence=None
2026-03-03 01:35:21,406 - services.recommendation.main - INFO - [t_1cbd508e] Stage 1: Recall (CZ city-only, EZ global)
2026-03-03 01:35:21,408 - services.recommendation.db - INFO - Loaded 15 items for city: tokyo
2026-03-03 01:35:21,408 - services.recommendation.db - INFO - Title sanitization: changed=0 (city=tokyo)
2026-03-03 01:35:21,408 - services.recommendation.recall - INFO - Recall: CZ=15 (city-only), EZ=13 (city-only, excellence >= 0.8)
2026-03-03 01:35:21,408 - services.recommendation.main - INFO - [t_1cbd508e] Recall: CZ=15 (city-only), EZ=13 (global)
2026-03-03 01:35:21,408 - services.recommendation.main - INFO - [t_1cbd508e] Stage 2: Rerank (v1.3)
2026-03-03 01:35:21,448 - services.recommendation.rerank - INFO - Rerank: 10 CZ items (filtered 15 → 15), 0 EZ items
2026-03-03 01:35:21,448 - services.recommendation.rerank - INFO - Top 5 CZ memory_influence: [1.1741, 1.1693, 1.1648, 1.1633, 1.1936]
2026-03-03 01:35:21,448 - services.recommendation.main - INFO - [t_1cbd508e] Rerank: 10 CZ, 0 EZ
2026-03-03 01:35:21,448 - services.recommendation.mix_policy - INFO - Mix policy: 3 CZ + 0 EZ (ratio=3:0, rule=only_cz_available, delta=inf, intent=balanced, mem_conf=0.50)
2026-03-03 01:35:21,448 - services.recommendation.main - INFO - [t_1cbd508e] Mix policy: only_cz_available (ratio=3:0, conf=1.00)
2026-03-03 01:35:21,448 - services.recommendation.main - INFO - [t_1cbd508e] Non-finite response fields sanitized count=3 sample=['mix_policy.inputs_used.delta', 'mix_policy.delta', 'decision_trace.mix_policy.components.delta']
2026-03-03 01:35:21,448 - services.recommendation.main - INFO - [t_1cbd508e] Response ready
INFO:     127.0.0.1:51342 - "POST /score HTTP/1.1" 200 OK
2026-03-03 01:35:29,362 - services.recommendation.main - INFO - [t_8ac6d80f] POST /score - user_id=step5_demo_user, city=tokyo, tags=['ramen'], intent=balanced, memory_confidence=1.0
2026-03-03 01:35:29,362 - services.recommendation.main - INFO - [t_8ac6d80f] Stage 1: Recall (CZ city-only, EZ global)
2026-03-03 01:35:29,366 - services.recommendation.db - INFO - Loaded 15 items for city: tokyo
2026-03-03 01:35:29,366 - services.recommendation.db - INFO - Title sanitization: changed=0 (city=tokyo)
2026-03-03 01:35:29,366 - services.recommendation.recall - INFO - Recall: CZ=15 (city-only), EZ=13 (city-only, excellence >= 0.8)
2026-03-03 01:35:29,366 - services.recommendation.main - INFO - [t_8ac6d80f] Recall: CZ=15 (city-only), EZ=13 (global)
2026-03-03 01:35:29,366 - services.recommendation.main - INFO - [t_8ac6d80f] Stage 2: Rerank (v1.3)
2026-03-03 01:35:29,403 - services.recommendation.rerank - INFO - Rerank: 10 CZ items (filtered 15 → 15), 0 EZ items
2026-03-03 01:35:29,403 - services.recommendation.rerank - INFO - Top 5 CZ memory_influence: [1.1871, 1.1859, 1.1851, 1.1933, 1.1693]
2026-03-03 01:35:29,403 - services.recommendation.main - INFO - [t_8ac6d80f] Rerank: 10 CZ, 0 EZ
2026-03-03 01:35:29,403 - services.recommendation.mix_policy - INFO - Mix policy: 3 CZ + 0 EZ (ratio=3:0, rule=only_cz_available, delta=inf, intent=balanced, mem_conf=1.00)
2026-03-03 01:35:29,403 - services.recommendation.main - INFO - [t_8ac6d80f] Mix policy: only_cz_available (ratio=3:0, conf=1.00)
2026-03-03 01:35:29,404 - services.recommendation.main - INFO - [t_8ac6d80f] Non-finite response fields sanitized count=3 sample=['mix_policy.inputs_used.delta', 'mix_policy.delta', 'decision_trace.mix_policy.components.delta']
2026-03-03 01:35:29,404 - services.recommendation.main - INFO - [t_8ac6d80f] Response ready
INFO:     127.0.0.1:51392 - "POST /score HTTP/1.1" 200 OK
2026-03-03 01:35:29,495 - services.recommendation.main - INFO - [t_48242fe5] POST /score - user_id=step5_demo_user, city=tokyo, tags=['food', 'ramen'], intent=None, memory_confidence=None
2026-03-03 01:35:29,495 - services.recommendation.main - INFO - [t_48242fe5] Stage 1: Recall (CZ city-only, EZ global)
2026-03-03 01:35:29,497 - services.recommendation.db - INFO - Loaded 15 items for city: tokyo
2026-03-03 01:35:29,497 - services.recommendation.db - INFO - Title sanitization: changed=0 (city=tokyo)
2026-03-03 01:35:29,497 - services.recommendation.recall - INFO - Recall: CZ=15 (city-only), EZ=13 (city-only, excellence >= 0.8)
2026-03-03 01:35:29,497 - services.recommendation.main - INFO - [t_48242fe5] Recall: CZ=15 (city-only), EZ=13 (global)
2026-03-03 01:35:29,498 - services.recommendation.main - INFO - [t_48242fe5] Stage 2: Rerank (v1.3)
2026-03-03 01:35:29,538 - services.recommendation.rerank - INFO - Rerank: 10 CZ items (filtered 15 → 15), 0 EZ items
2026-03-03 01:35:29,538 - services.recommendation.rerank - INFO - Top 5 CZ memory_influence: [1.1741, 1.1693, 1.1648, 1.1633, 1.1936]
2026-03-03 01:35:29,538 - services.recommendation.main - INFO - [t_48242fe5] Rerank: 10 CZ, 0 EZ
2026-03-03 01:35:29,538 - services.recommendation.mix_policy - INFO - Mix policy: 3 CZ + 0 EZ (ratio=3:0, rule=only_cz_available, delta=inf, intent=balanced, mem_conf=0.50)
2026-03-03 01:35:29,538 - services.recommendation.main - INFO - [t_48242fe5] Mix policy: only_cz_available (ratio=3:0, conf=1.00)
2026-03-03 01:35:29,538 - services.recommendation.main - INFO - [t_48242fe5] Non-finite response fields sanitized count=3 sample=['mix_policy.inputs_used.delta', 'mix_policy.delta', 'decision_trace.mix_policy.components.delta']
2026-03-03 01:35:29,538 - services.recommendation.main - INFO - [t_48242fe5] Response ready
INFO:     127.0.0.1:51425 - "POST /score HTTP/1.1" 200 OK
2026-03-03 01:35:34,993 - services.recommendation.main - INFO - [t_abcd2adf] POST /score - user_id=step5_demo_user, city=tokyo, tags=['ramen'], intent=balanced, memory_confidence=1.0
2026-03-03 01:35:34,993 - services.recommendation.main - INFO - [t_abcd2adf] Stage 1: Recall (CZ city-only, EZ global)
2026-03-03 01:35:34,996 - services.recommendation.db - INFO - Loaded 15 items for city: tokyo
2026-03-03 01:35:34,996 - services.recommendation.db - INFO - Title sanitization: changed=0 (city=tokyo)
2026-03-03 01:35:34,996 - services.recommendation.recall - INFO - Recall: CZ=15 (city-only), EZ=13 (city-only, excellence >= 0.8)
2026-03-03 01:35:34,996 - services.recommendation.main - INFO - [t_abcd2adf] Recall: CZ=15 (city-only), EZ=13 (global)
2026-03-03 01:35:34,996 - services.recommendation.main - INFO - [t_abcd2adf] Stage 2: Rerank (v1.3)
2026-03-03 01:35:35,036 - services.recommendation.rerank - INFO - Rerank: 10 CZ items (filtered 15 → 15), 0 EZ items
2026-03-03 01:35:35,036 - services.recommendation.rerank - INFO - Top 5 CZ memory_influence: [1.1871, 1.1859, 1.1851, 1.1933, 1.1693]
2026-03-03 01:35:35,036 - services.recommendation.main - INFO - [t_abcd2adf] Rerank: 10 CZ, 0 EZ
2026-03-03 01:35:35,036 - services.recommendation.mix_policy - INFO - Mix policy: 3 CZ + 0 EZ (ratio=3:0, rule=only_cz_available, delta=inf, intent=balanced, mem_conf=1.00)
2026-03-03 01:35:35,036 - services.recommendation.main - INFO - [t_abcd2adf] Mix policy: only_cz_available (ratio=3:0, conf=1.00)
2026-03-03 01:35:35,036 - services.recommendation.main - INFO - [t_abcd2adf] Non-finite response fields sanitized count=3 sample=['mix_policy.inputs_used.delta', 'mix_policy.delta', 'decision_trace.mix_policy.components.delta']
2026-03-03 01:35:35,036 - services.recommendation.main - INFO - [t_abcd2adf] Response ready
INFO:     127.0.0.1:51471 - "POST /score HTTP/1.1" 200 OK
2026-03-03 01:35:35,133 - services.recommendation.main - INFO - [t_b75db0f7] POST /score - user_id=step5_demo_user, city=tokyo, tags=['ramen'], intent=None, memory_confidence=None
2026-03-03 01:35:35,133 - services.recommendation.main - INFO - [t_b75db0f7] Stage 1: Recall (CZ city-only, EZ global)
2026-03-03 01:35:35,135 - services.recommendation.db - INFO - Loaded 15 items for city: tokyo
2026-03-03 01:35:35,135 - services.recommendation.db - INFO - Title sanitization: changed=0 (city=tokyo)
2026-03-03 01:35:35,135 - services.recommendation.recall - INFO - Recall: CZ=15 (city-only), EZ=13 (city-only, excellence >= 0.8)
2026-03-03 01:35:35,135 - services.recommendation.main - INFO - [t_b75db0f7] Recall: CZ=15 (city-only), EZ=13 (global)
2026-03-03 01:35:35,135 - services.recommendation.main - INFO - [t_b75db0f7] Stage 2: Rerank (v1.3)
2026-03-03 01:35:35,173 - services.recommendation.rerank - INFO - Rerank: 10 CZ items (filtered 15 → 15), 0 EZ items
2026-03-03 01:35:35,173 - services.recommendation.rerank - INFO - Top 5 CZ memory_influence: [1.1871, 1.1859, 1.1851, 1.1933, 1.1693]
2026-03-03 01:35:35,173 - services.recommendation.main - INFO - [t_b75db0f7] Rerank: 10 CZ, 0 EZ
2026-03-03 01:35:35,173 - services.recommendation.mix_policy - INFO - Mix policy: 3 CZ + 0 EZ (ratio=3:0, rule=only_cz_available, delta=inf, intent=balanced, mem_conf=0.50)
2026-03-03 01:35:35,173 - services.recommendation.main - INFO - [t_b75db0f7] Mix policy: only_cz_available (ratio=3:0, conf=1.00)
2026-03-03 01:35:35,173 - services.recommendation.main - INFO - [t_b75db0f7] Non-finite response fields sanitized count=3 sample=['mix_policy.inputs_used.delta', 'mix_policy.delta', 'decision_trace.mix_policy.components.delta']
2026-03-03 01:35:35,173 - services.recommendation.main - INFO - [t_b75db0f7] Response ready
INFO:     127.0.0.1:51504 - "POST /score HTTP/1.1" 200 OK
2026-03-03 01:35:40,983 - services.recommendation.main - INFO - [t_a85d219e] POST /score - user_id=step5_demo_user, city=tokyo, tags=['ramen'], intent=balanced, memory_confidence=1.0
2026-03-03 01:35:40,983 - services.recommendation.main - INFO - [t_a85d219e] Stage 1: Recall (CZ city-only, EZ global)
2026-03-03 01:35:40,985 - services.recommendation.db - INFO - Loaded 15 items for city: tokyo
2026-03-03 01:35:40,985 - services.recommendation.db - INFO - Title sanitization: changed=0 (city=tokyo)
2026-03-03 01:35:40,985 - services.recommendation.recall - INFO - Recall: CZ=15 (city-only), EZ=13 (city-only, excellence >= 0.8)
2026-03-03 01:35:40,985 - services.recommendation.main - INFO - [t_a85d219e] Recall: CZ=15 (city-only), EZ=13 (global)
2026-03-03 01:35:40,985 - services.recommendation.main - INFO - [t_a85d219e] Stage 2: Rerank (v1.3)
2026-03-03 01:35:41,026 - services.recommendation.rerank - INFO - Rerank: 10 CZ items (filtered 15 → 15), 0 EZ items
2026-03-03 01:35:41,026 - services.recommendation.rerank - INFO - Top 5 CZ memory_influence: [1.1871, 1.1859, 1.1851, 1.1933, 1.1693]
2026-03-03 01:35:41,026 - services.recommendation.main - INFO - [t_a85d219e] Rerank: 10 CZ, 0 EZ
2026-03-03 01:35:41,026 - services.recommendation.mix_policy - INFO - Mix policy: 3 CZ + 0 EZ (ratio=3:0, rule=only_cz_available, delta=inf, intent=balanced, mem_conf=1.00)
2026-03-03 01:35:41,026 - services.recommendation.main - INFO - [t_a85d219e] Mix policy: only_cz_available (ratio=3:0, conf=1.00)
2026-03-03 01:35:41,026 - services.recommendation.main - INFO - [t_a85d219e] Non-finite response fields sanitized count=3 sample=['mix_policy.inputs_used.delta', 'mix_policy.delta', 'decision_trace.mix_policy.components.delta']
2026-03-03 01:35:41,026 - services.recommendation.main - INFO - [t_a85d219e] Response ready
INFO:     127.0.0.1:51550 - "POST /score HTTP/1.1" 200 OK
2026-03-03 01:35:41,122 - services.recommendation.main - INFO - [t_62775aea] POST /score - user_id=step5_demo_user, city=tokyo, tags=['ramen'], intent=None, memory_confidence=None
2026-03-03 01:35:41,122 - services.recommendation.main - INFO - [t_62775aea] Stage 1: Recall (CZ city-only, EZ global)
2026-03-03 01:35:41,123 - services.recommendation.db - INFO - Loaded 15 items for city: tokyo
2026-03-03 01:35:41,123 - services.recommendation.db - INFO - Title sanitization: changed=0 (city=tokyo)
2026-03-03 01:35:41,124 - services.recommendation.recall - INFO - Recall: CZ=15 (city-only), EZ=13 (city-only, excellence >= 0.8)
2026-03-03 01:35:41,124 - services.recommendation.main - INFO - [t_62775aea] Recall: CZ=15 (city-only), EZ=13 (global)
2026-03-03 01:35:41,124 - services.recommendation.main - INFO - [t_62775aea] Stage 2: Rerank (v1.3)
2026-03-03 01:35:41,162 - services.recommendation.rerank - INFO - Rerank: 10 CZ items (filtered 15 → 15), 0 EZ items
2026-03-03 01:35:41,162 - services.recommendation.rerank - INFO - Top 5 CZ memory_influence: [1.1871, 1.1859, 1.1851, 1.1933, 1.1693]
2026-03-03 01:35:41,162 - services.recommendation.main - INFO - [t_62775aea] Rerank: 10 CZ, 0 EZ
2026-03-03 01:35:41,162 - services.recommendation.mix_policy - INFO - Mix policy: 3 CZ + 0 EZ (ratio=3:0, rule=only_cz_available, delta=inf, intent=balanced, mem_conf=0.50)
2026-03-03 01:35:41,162 - services.recommendation.main - INFO - [t_62775aea] Mix policy: only_cz_available (ratio=3:0, conf=1.00)
2026-03-03 01:35:41,162 - services.recommendation.main - INFO - [t_62775aea] Non-finite response fields sanitized count=3 sample=['mix_policy.inputs_used.delta', 'mix_policy.delta', 'decision_trace.mix_policy.components.delta']
2026-03-03 01:35:41,162 - services.recommendation.main - INFO - [t_62775aea] Response ready
INFO:     127.0.0.1:51583 - "POST /score HTTP/1.1" 200 OK
2026-03-03 01:37:11,448 - services.recommendation.main - INFO - [t_1b23732f] POST /score - user_id=step5_demo_user, city=tokyo, tags=['ramen'], intent=balanced, memory_confidence=1.0
2026-03-03 01:37:11,449 - services.recommendation.main - INFO - [t_1b23732f] Stage 1: Recall (CZ city-only, EZ global)
2026-03-03 01:37:11,458 - services.recommendation.db - INFO - Loaded 15 items for city: tokyo
2026-03-03 01:37:11,458 - services.recommendation.db - INFO - Title sanitization: changed=0 (city=tokyo)
2026-03-03 01:37:11,458 - services.recommendation.recall - INFO - Recall: CZ=15 (city-only), EZ=13 (city-only, excellence >= 0.8)
2026-03-03 01:37:11,458 - services.recommendation.main - INFO - [t_1b23732f] Recall: CZ=15 (city-only), EZ=13 (global)
2026-03-03 01:37:11,458 - services.recommendation.main - INFO - [t_1b23732f] Stage 2: Rerank (v1.3)
2026-03-03 01:37:11,496 - services.recommendation.rerank - INFO - Rerank: 10 CZ items (filtered 15 → 15), 0 EZ items
2026-03-03 01:37:11,496 - services.recommendation.rerank - INFO - Top 5 CZ memory_influence: [1.1871, 1.1859, 1.1851, 1.1933, 1.1693]
2026-03-03 01:37:11,496 - services.recommendation.main - INFO - [t_1b23732f] Rerank: 10 CZ, 0 EZ
2026-03-03 01:37:11,496 - services.recommendation.mix_policy - INFO - Mix policy: 3 CZ + 0 EZ (ratio=3:0, rule=only_cz_available, delta=inf, intent=balanced, mem_conf=1.00)
2026-03-03 01:37:11,496 - services.recommendation.main - INFO - [t_1b23732f] Mix policy: only_cz_available (ratio=3:0, conf=1.00)
2026-03-03 01:37:11,496 - services.recommendation.main - INFO - [t_1b23732f] Non-finite response fields sanitized count=3 sample=['mix_policy.inputs_used.delta', 'mix_policy.delta', 'decision_trace.mix_policy.components.delta']
2026-03-03 01:37:11,497 - services.recommendation.main - INFO - [t_1b23732f] Response ready
INFO:     127.0.0.1:51659 - "POST /score HTTP/1.1" 200 OK
2026-03-03 01:37:11,590 - services.recommendation.main - INFO - [t_bcc134e3] POST /score - user_id=step5_demo_user, city=tokyo, tags=['food', 'ramen'], intent=None, memory_confidence=None
2026-03-03 01:37:11,590 - services.recommendation.main - INFO - [t_bcc134e3] Stage 1: Recall (CZ city-only, EZ global)
2026-03-03 01:37:11,592 - services.recommendation.db - INFO - Loaded 15 items for city: tokyo
2026-03-03 01:37:11,592 - services.recommendation.db - INFO - Title sanitization: changed=0 (city=tokyo)
2026-03-03 01:37:11,592 - services.recommendation.recall - INFO - Recall: CZ=15 (city-only), EZ=13 (city-only, excellence >= 0.8)
2026-03-03 01:37:11,592 - services.recommendation.main - INFO - [t_bcc134e3] Recall: CZ=15 (city-only), EZ=13 (global)
2026-03-03 01:37:11,592 - services.recommendation.main - INFO - [t_bcc134e3] Stage 2: Rerank (v1.3)
2026-03-03 01:37:11,635 - services.recommendation.rerank - INFO - Rerank: 10 CZ items (filtered 15 → 15), 0 EZ items
2026-03-03 01:37:11,635 - services.recommendation.rerank - INFO - Top 5 CZ memory_influence: [1.1741, 1.1693, 1.1648, 1.1633, 1.1936]
2026-03-03 01:37:11,635 - services.recommendation.main - INFO - [t_bcc134e3] Rerank: 10 CZ, 0 EZ
2026-03-03 01:37:11,635 - services.recommendation.mix_policy - INFO - Mix policy: 3 CZ + 0 EZ (ratio=3:0, rule=only_cz_available, delta=inf, intent=balanced, mem_conf=0.50)
2026-03-03 01:37:11,635 - services.recommendation.main - INFO - [t_bcc134e3] Mix policy: only_cz_available (ratio=3:0, conf=1.00)
2026-03-03 01:37:11,635 - services.recommendation.main - INFO - [t_bcc134e3] Non-finite response fields sanitized count=3 sample=['mix_policy.inputs_used.delta', 'mix_policy.delta', 'decision_trace.mix_policy.components.delta']
2026-03-03 01:37:11,635 - services.recommendation.main - INFO - [t_bcc134e3] Response ready
INFO:     127.0.0.1:51692 - "POST /score HTTP/1.1" 200 OK
2026-03-03 01:37:20,801 - services.recommendation.main - INFO - [t_31f5b1fe] POST /score - user_id=step5_demo_user, city=tokyo, tags=['ramen'], intent=balanced, memory_confidence=1.0
2026-03-03 01:37:20,801 - services.recommendation.main - INFO - [t_31f5b1fe] Stage 1: Recall (CZ city-only, EZ global)
2026-03-03 01:37:20,806 - services.recommendation.db - INFO - Loaded 15 items for city: tokyo
2026-03-03 01:37:20,806 - services.recommendation.db - INFO - Title sanitization: changed=0 (city=tokyo)
2026-03-03 01:37:20,806 - services.recommendation.recall - INFO - Recall: CZ=15 (city-only), EZ=13 (city-only, excellence >= 0.8)
2026-03-03 01:37:20,806 - services.recommendation.main - INFO - [t_31f5b1fe] Recall: CZ=15 (city-only), EZ=13 (global)
2026-03-03 01:37:20,806 - services.recommendation.main - INFO - [t_31f5b1fe] Stage 2: Rerank (v1.3)
2026-03-03 01:37:20,843 - services.recommendation.rerank - INFO - Rerank: 10 CZ items (filtered 15 → 15), 0 EZ items
2026-03-03 01:37:20,843 - services.recommendation.rerank - INFO - Top 5 CZ memory_influence: [1.1871, 1.1859, 1.1851, 1.1933, 1.1693]
2026-03-03 01:37:20,843 - services.recommendation.main - INFO - [t_31f5b1fe] Rerank: 10 CZ, 0 EZ
2026-03-03 01:37:20,843 - services.recommendation.mix_policy - INFO - Mix policy: 3 CZ + 0 EZ (ratio=3:0, rule=only_cz_available, delta=inf, intent=balanced, mem_conf=1.00)
2026-03-03 01:37:20,843 - services.recommendation.main - INFO - [t_31f5b1fe] Mix policy: only_cz_available (ratio=3:0, conf=1.00)
2026-03-03 01:37:20,843 - services.recommendation.main - INFO - [t_31f5b1fe] Non-finite response fields sanitized count=3 sample=['mix_policy.inputs_used.delta', 'mix_policy.delta', 'decision_trace.mix_policy.components.delta']
2026-03-03 01:37:20,843 - services.recommendation.main - INFO - [t_31f5b1fe] Response ready
INFO:     127.0.0.1:51741 - "POST /score HTTP/1.1" 200 OK
2026-03-03 01:37:20,933 - services.recommendation.main - INFO - [t_331540c7] POST /score - user_id=step5_demo_user, city=tokyo, tags=['food', 'ramen'], intent=None, memory_confidence=None
2026-03-03 01:37:20,933 - services.recommendation.main - INFO - [t_331540c7] Stage 1: Recall (CZ city-only, EZ global)
2026-03-03 01:37:20,935 - services.recommendation.db - INFO - Loaded 15 items for city: tokyo
2026-03-03 01:37:20,935 - services.recommendation.db - INFO - Title sanitization: changed=0 (city=tokyo)
2026-03-03 01:37:20,935 - services.recommendation.recall - INFO - Recall: CZ=15 (city-only), EZ=13 (city-only, excellence >= 0.8)
2026-03-03 01:37:20,935 - services.recommendation.main - INFO - [t_331540c7] Recall: CZ=15 (city-only), EZ=13 (global)
2026-03-03 01:37:20,935 - services.recommendation.main - INFO - [t_331540c7] Stage 2: Rerank (v1.3)
2026-03-03 01:37:20,977 - services.recommendation.rerank - INFO - Rerank: 10 CZ items (filtered 15 → 15), 0 EZ items
2026-03-03 01:37:20,977 - services.recommendation.rerank - INFO - Top 5 CZ memory_influence: [1.1741, 1.1693, 1.1648, 1.1633, 1.1936]
2026-03-03 01:37:20,977 - services.recommendation.main - INFO - [t_331540c7] Rerank: 10 CZ, 0 EZ
2026-03-03 01:37:20,977 - services.recommendation.mix_policy - INFO - Mix policy: 3 CZ + 0 EZ (ratio=3:0, rule=only_cz_available, delta=inf, intent=balanced, mem_conf=0.50)
2026-03-03 01:37:20,977 - services.recommendation.main - INFO - [t_331540c7] Mix policy: only_cz_available (ratio=3:0, conf=1.00)
2026-03-03 01:37:20,977 - services.recommendation.main - INFO - [t_331540c7] Non-finite response fields sanitized count=3 sample=['mix_policy.inputs_used.delta', 'mix_policy.delta', 'decision_trace.mix_policy.components.delta']
2026-03-03 01:37:20,977 - services.recommendation.main - INFO - [t_331540c7] Response ready
INFO:     127.0.0.1:51774 - "POST /score HTTP/1.1" 200 OK
2026-03-03 01:37:25,892 - services.recommendation.main - INFO - [t_fb6d189d] POST /score - user_id=step5_demo_user, city=tokyo, tags=['ramen', 'street_food'], intent=balanced, memory_confidence=0.611992
2026-03-03 01:37:25,892 - services.recommendation.main - INFO - [t_fb6d189d] Stage 1: Recall (CZ city-only, EZ global)
2026-03-03 01:37:25,894 - services.recommendation.db - INFO - Loaded 15 items for city: tokyo
2026-03-03 01:37:25,894 - services.recommendation.db - INFO - Title sanitization: changed=0 (city=tokyo)
2026-03-03 01:37:25,894 - services.recommendation.recall - INFO - Recall: CZ=15 (city-only), EZ=13 (city-only, excellence >= 0.8)
2026-03-03 01:37:25,894 - services.recommendation.main - INFO - [t_fb6d189d] Recall: CZ=15 (city-only), EZ=13 (global)
2026-03-03 01:37:25,894 - services.recommendation.main - INFO - [t_fb6d189d] Stage 2: Rerank (v1.3)
2026-03-03 01:37:25,934 - services.recommendation.rerank - INFO - Rerank: 10 CZ items (filtered 15 → 15), 0 EZ items
2026-03-03 01:37:25,934 - services.recommendation.rerank - INFO - Top 5 CZ memory_influence: [1.1722, 1.1717, 1.1679, 1.1981, 1.1671]
2026-03-03 01:37:25,934 - services.recommendation.main - INFO - [t_fb6d189d] Rerank: 10 CZ, 0 EZ
2026-03-03 01:37:25,934 - services.recommendation.mix_policy - INFO - Mix policy: 3 CZ + 0 EZ (ratio=3:0, rule=only_cz_available, delta=inf, intent=balanced, mem_conf=0.61)
2026-03-03 01:37:25,934 - services.recommendation.main - INFO - [t_fb6d189d] Mix policy: only_cz_available (ratio=3:0, conf=1.00)
2026-03-03 01:37:25,935 - services.recommendation.main - INFO - [t_fb6d189d] Non-finite response fields sanitized count=3 sample=['mix_policy.inputs_used.delta', 'mix_policy.delta', 'decision_trace.mix_policy.components.delta']
2026-03-03 01:37:25,935 - services.recommendation.main - INFO - [t_fb6d189d] Response ready
INFO:     127.0.0.1:51817 - "POST /score HTTP/1.1" 200 OK
2026-03-03 01:37:26,030 - services.recommendation.main - INFO - [t_0be70957] POST /score - user_id=step5_demo_user, city=tokyo, tags=['ramen'], intent=None, memory_confidence=None
2026-03-03 01:37:26,030 - services.recommendation.main - INFO - [t_0be70957] Stage 1: Recall (CZ city-only, EZ global)
2026-03-03 01:37:26,032 - services.recommendation.db - INFO - Loaded 15 items for city: tokyo
2026-03-03 01:37:26,032 - services.recommendation.db - INFO - Title sanitization: changed=0 (city=tokyo)
2026-03-03 01:37:26,032 - services.recommendation.recall - INFO - Recall: CZ=15 (city-only), EZ=13 (city-only, excellence >= 0.8)
2026-03-03 01:37:26,032 - services.recommendation.main - INFO - [t_0be70957] Recall: CZ=15 (city-only), EZ=13 (global)
2026-03-03 01:37:26,032 - services.recommendation.main - INFO - [t_0be70957] Stage 2: Rerank (v1.3)
2026-03-03 01:37:26,071 - services.recommendation.rerank - INFO - Rerank: 10 CZ items (filtered 15 → 15), 0 EZ items
2026-03-03 01:37:26,071 - services.recommendation.rerank - INFO - Top 5 CZ memory_influence: [1.1871, 1.1859, 1.1851, 1.1933, 1.1693]
2026-03-03 01:37:26,071 - services.recommendation.main - INFO - [t_0be70957] Rerank: 10 CZ, 0 EZ
2026-03-03 01:37:26,071 - services.recommendation.mix_policy - INFO - Mix policy: 3 CZ + 0 EZ (ratio=3:0, rule=only_cz_available, delta=inf, intent=balanced, mem_conf=0.50)
2026-03-03 01:37:26,071 - services.recommendation.main - INFO - [t_0be70957] Mix policy: only_cz_available (ratio=3:0, conf=1.00)
2026-03-03 01:37:26,071 - services.recommendation.main - INFO - [t_0be70957] Non-finite response fields sanitized count=3 sample=['mix_policy.inputs_used.delta', 'mix_policy.delta', 'decision_trace.mix_policy.components.delta']
2026-03-03 01:37:26,071 - services.recommendation.main - INFO - [t_0be70957] Response ready
INFO:     127.0.0.1:51850 - "POST /score HTTP/1.1" 200 OK
2026-03-03 01:37:31,604 - services.recommendation.main - INFO - [t_c5a566ab] POST /score - user_id=step5_demo_user, city=tokyo, tags=['ramen'], intent=balanced, memory_confidence=1.0
2026-03-03 01:37:31,604 - services.recommendation.main - INFO - [t_c5a566ab] Stage 1: Recall (CZ city-only, EZ global)
2026-03-03 01:37:31,606 - services.recommendation.db - INFO - Loaded 15 items for city: tokyo
2026-03-03 01:37:31,606 - services.recommendation.db - INFO - Title sanitization: changed=0 (city=tokyo)
2026-03-03 01:37:31,606 - services.recommendation.recall - INFO - Recall: CZ=15 (city-only), EZ=13 (city-only, excellence >= 0.8)
2026-03-03 01:37:31,606 - services.recommendation.main - INFO - [t_c5a566ab] Recall: CZ=15 (city-only), EZ=13 (global)
2026-03-03 01:37:31,606 - services.recommendation.main - INFO - [t_c5a566ab] Stage 2: Rerank (v1.3)
2026-03-03 01:37:31,645 - services.recommendation.rerank - INFO - Rerank: 10 CZ items (filtered 15 → 15), 0 EZ items
2026-03-03 01:37:31,645 - services.recommendation.rerank - INFO - Top 5 CZ memory_influence: [1.1871, 1.1859, 1.1851, 1.1933, 1.1693]
2026-03-03 01:37:31,645 - services.recommendation.main - INFO - [t_c5a566ab] Rerank: 10 CZ, 0 EZ
2026-03-03 01:37:31,645 - services.recommendation.mix_policy - INFO - Mix policy: 3 CZ + 0 EZ (ratio=3:0, rule=only_cz_available, delta=inf, intent=balanced, mem_conf=1.00)
2026-03-03 01:37:31,645 - services.recommendation.main - INFO - [t_c5a566ab] Mix policy: only_cz_available (ratio=3:0, conf=1.00)
2026-03-03 01:37:31,646 - services.recommendation.main - INFO - [t_c5a566ab] Non-finite response fields sanitized count=3 sample=['mix_policy.inputs_used.delta', 'mix_policy.delta', 'decision_trace.mix_policy.components.delta']
2026-03-03 01:37:31,646 - services.recommendation.main - INFO - [t_c5a566ab] Response ready
INFO:     127.0.0.1:51893 - "POST /score HTTP/1.1" 200 OK
2026-03-03 01:37:31,739 - services.recommendation.main - INFO - [t_c0f25187] POST /score - user_id=step5_demo_user, city=tokyo, tags=['ramen'], intent=None, memory_confidence=None
2026-03-03 01:37:31,739 - services.recommendation.main - INFO - [t_c0f25187] Stage 1: Recall (CZ city-only, EZ global)
2026-03-03 01:37:31,741 - services.recommendation.db - INFO - Loaded 15 items for city: tokyo
2026-03-03 01:37:31,741 - services.recommendation.db - INFO - Title sanitization: changed=0 (city=tokyo)
2026-03-03 01:37:31,741 - services.recommendation.recall - INFO - Recall: CZ=15 (city-only), EZ=13 (city-only, excellence >= 0.8)
2026-03-03 01:37:31,741 - services.recommendation.main - INFO - [t_c0f25187] Recall: CZ=15 (city-only), EZ=13 (global)
2026-03-03 01:37:31,741 - services.recommendation.main - INFO - [t_c0f25187] Stage 2: Rerank (v1.3)
2026-03-03 01:37:31,783 - services.recommendation.rerank - INFO - Rerank: 10 CZ items (filtered 15 → 15), 0 EZ items
2026-03-03 01:37:31,783 - services.recommendation.rerank - INFO - Top 5 CZ memory_influence: [1.1871, 1.1859, 1.1851, 1.1933, 1.1693]
2026-03-03 01:37:31,783 - services.recommendation.main - INFO - [t_c0f25187] Rerank: 10 CZ, 0 EZ
2026-03-03 01:37:31,783 - services.recommendation.mix_policy - INFO - Mix policy: 3 CZ + 0 EZ (ratio=3:0, rule=only_cz_available, delta=inf, intent=balanced, mem_conf=0.50)
2026-03-03 01:37:31,783 - services.recommendation.main - INFO - [t_c0f25187] Mix policy: only_cz_available (ratio=3:0, conf=1.00)
2026-03-03 01:37:31,783 - services.recommendation.main - INFO - [t_c0f25187] Non-finite response fields sanitized count=3 sample=['mix_policy.inputs_used.delta', 'mix_policy.delta', 'decision_trace.mix_policy.components.delta']
2026-03-03 01:37:31,783 - services.recommendation.main - INFO - [t_c0f25187] Response ready
INFO:     127.0.0.1:51926 - "POST /score HTTP/1.1" 200 OK
2026-03-03 01:37:37,253 - services.recommendation.main - INFO - [t_cf6d1a1b] POST /score - user_id=step5_demo_user, city=tokyo, tags=['ramen', 'street_food'], intent=balanced, memory_confidence=0.611991
2026-03-03 01:37:37,254 - services.recommendation.main - INFO - [t_cf6d1a1b] Stage 1: Recall (CZ city-only, EZ global)
2026-03-03 01:37:37,257 - services.recommendation.db - INFO - Loaded 15 items for city: tokyo
2026-03-03 01:37:37,257 - services.recommendation.db - INFO - Title sanitization: changed=0 (city=tokyo)
2026-03-03 01:37:37,257 - services.recommendation.recall - INFO - Recall: CZ=15 (city-only), EZ=13 (city-only, excellence >= 0.8)
2026-03-03 01:37:37,257 - services.recommendation.main - INFO - [t_cf6d1a1b] Recall: CZ=15 (city-only), EZ=13 (global)
2026-03-03 01:37:37,257 - services.recommendation.main - INFO - [t_cf6d1a1b] Stage 2: Rerank (v1.3)
2026-03-03 01:37:37,295 - services.recommendation.rerank - INFO - Rerank: 10 CZ items (filtered 15 → 15), 0 EZ items
2026-03-03 01:37:37,295 - services.recommendation.rerank - INFO - Top 5 CZ memory_influence: [1.1722, 1.1717, 1.1679, 1.1981, 1.1671]
2026-03-03 01:37:37,295 - services.recommendation.main - INFO - [t_cf6d1a1b] Rerank: 10 CZ, 0 EZ
2026-03-03 01:37:37,295 - services.recommendation.mix_policy - INFO - Mix policy: 3 CZ + 0 EZ (ratio=3:0, rule=only_cz_available, delta=inf, intent=balanced, mem_conf=0.61)
2026-03-03 01:37:37,295 - services.recommendation.main - INFO - [t_cf6d1a1b] Mix policy: only_cz_available (ratio=3:0, conf=1.00)
2026-03-03 01:37:37,295 - services.recommendation.main - INFO - [t_cf6d1a1b] Non-finite response fields sanitized count=3 sample=['mix_policy.inputs_used.delta', 'mix_policy.delta', 'decision_trace.mix_policy.components.delta']
2026-03-03 01:37:37,295 - services.recommendation.main - INFO - [t_cf6d1a1b] Response ready
INFO:     127.0.0.1:51969 - "POST /score HTTP/1.1" 200 OK
2026-03-03 01:37:37,388 - services.recommendation.main - INFO - [t_f3704349] POST /score - user_id=step5_demo_user, city=tokyo, tags=['ramen'], intent=None, memory_confidence=None
2026-03-03 01:37:37,388 - services.recommendation.main - INFO - [t_f3704349] Stage 1: Recall (CZ city-only, EZ global)
2026-03-03 01:37:37,390 - services.recommendation.db - INFO - Loaded 15 items for city: tokyo
2026-03-03 01:37:37,390 - services.recommendation.db - INFO - Title sanitization: changed=0 (city=tokyo)
2026-03-03 01:37:37,390 - services.recommendation.recall - INFO - Recall: CZ=15 (city-only), EZ=13 (city-only, excellence >= 0.8)
2026-03-03 01:37:37,390 - services.recommendation.main - INFO - [t_f3704349] Recall: CZ=15 (city-only), EZ=13 (global)
2026-03-03 01:37:37,390 - services.recommendation.main - INFO - [t_f3704349] Stage 2: Rerank (v1.3)
2026-03-03 01:37:37,427 - services.recommendation.rerank - INFO - Rerank: 10 CZ items (filtered 15 → 15), 0 EZ items
2026-03-03 01:37:37,427 - services.recommendation.rerank - INFO - Top 5 CZ memory_influence: [1.1871, 1.1859, 1.1851, 1.1933, 1.1693]
2026-03-03 01:37:37,427 - services.recommendation.main - INFO - [t_f3704349] Rerank: 10 CZ, 0 EZ
2026-03-03 01:37:37,427 - services.recommendation.mix_policy - INFO - Mix policy: 3 CZ + 0 EZ (ratio=3:0, rule=only_cz_available, delta=inf, intent=balanced, mem_conf=0.50)
2026-03-03 01:37:37,427 - services.recommendation.main - INFO - [t_f3704349] Mix policy: only_cz_available (ratio=3:0, conf=1.00)
2026-03-03 01:37:37,427 - services.recommendation.main - INFO - [t_f3704349] Non-finite response fields sanitized count=3 sample=['mix_policy.inputs_used.delta', 'mix_policy.delta', 'decision_trace.mix_policy.components.delta']
2026-03-03 01:37:37,427 - services.recommendation.main - INFO - [t_f3704349] Response ready
INFO:     127.0.0.1:52002 - "POST /score HTTP/1.1" 200 OK
2026-03-03 01:37:42,973 - services.recommendation.main - INFO - [t_aea6bdff] POST /score - user_id=step5_demo_user, city=tokyo, tags=['ramen', 'street_food'], intent=balanced, memory_confidence=0.61199
2026-03-03 01:37:42,973 - services.recommendation.main - INFO - [t_aea6bdff] Stage 1: Recall (CZ city-only, EZ global)
2026-03-03 01:37:42,975 - services.recommendation.db - INFO - Loaded 15 items for city: tokyo
2026-03-03 01:37:42,975 - services.recommendation.db - INFO - Title sanitization: changed=0 (city=tokyo)
2026-03-03 01:37:42,975 - services.recommendation.recall - INFO - Recall: CZ=15 (city-only), EZ=13 (city-only, excellence >= 0.8)
2026-03-03 01:37:42,975 - services.recommendation.main - INFO - [t_aea6bdff] Recall: CZ=15 (city-only), EZ=13 (global)
2026-03-03 01:37:42,975 - services.recommendation.main - INFO - [t_aea6bdff] Stage 2: Rerank (v1.3)
2026-03-03 01:37:43,014 - services.recommendation.rerank - INFO - Rerank: 10 CZ items (filtered 15 → 15), 0 EZ items
2026-03-03 01:37:43,014 - services.recommendation.rerank - INFO - Top 5 CZ memory_influence: [1.1722, 1.1717, 1.1679, 1.1981, 1.1671]
2026-03-03 01:37:43,014 - services.recommendation.main - INFO - [t_aea6bdff] Rerank: 10 CZ, 0 EZ
2026-03-03 01:37:43,014 - services.recommendation.mix_policy - INFO - Mix policy: 3 CZ + 0 EZ (ratio=3:0, rule=only_cz_available, delta=inf, intent=balanced, mem_conf=0.61)
2026-03-03 01:37:43,014 - services.recommendation.main - INFO - [t_aea6bdff] Mix policy: only_cz_available (ratio=3:0, conf=1.00)
2026-03-03 01:37:43,014 - services.recommendation.main - INFO - [t_aea6bdff] Non-finite response fields sanitized count=3 sample=['mix_policy.inputs_used.delta', 'mix_policy.delta', 'decision_trace.mix_policy.components.delta']
2026-03-03 01:37:43,014 - services.recommendation.main - INFO - [t_aea6bdff] Response ready
INFO:     127.0.0.1:52046 - "POST /score HTTP/1.1" 200 OK
2026-03-03 01:37:43,106 - services.recommendation.main - INFO - [t_638e8891] POST /score - user_id=step5_demo_user, city=tokyo, tags=['ramen'], intent=None, memory_confidence=None
2026-03-03 01:37:43,106 - services.recommendation.main - INFO - [t_638e8891] Stage 1: Recall (CZ city-only, EZ global)
2026-03-03 01:37:43,108 - services.recommendation.db - INFO - Loaded 15 items for city: tokyo
2026-03-03 01:37:43,108 - services.recommendation.db - INFO - Title sanitization: changed=0 (city=tokyo)
2026-03-03 01:37:43,108 - services.recommendation.recall - INFO - Recall: CZ=15 (city-only), EZ=13 (city-only, excellence >= 0.8)
2026-03-03 01:37:43,108 - services.recommendation.main - INFO - [t_638e8891] Recall: CZ=15 (city-only), EZ=13 (global)
2026-03-03 01:37:43,108 - services.recommendation.main - INFO - [t_638e8891] Stage 2: Rerank (v1.3)
2026-03-03 01:37:43,144 - services.recommendation.rerank - INFO - Rerank: 10 CZ items (filtered 15 → 15), 0 EZ items
2026-03-03 01:37:43,144 - services.recommendation.rerank - INFO - Top 5 CZ memory_influence: [1.1871, 1.1859, 1.1851, 1.1933, 1.1693]
2026-03-03 01:37:43,144 - services.recommendation.main - INFO - [t_638e8891] Rerank: 10 CZ, 0 EZ
2026-03-03 01:37:43,144 - services.recommendation.mix_policy - INFO - Mix policy: 3 CZ + 0 EZ (ratio=3:0, rule=only_cz_available, delta=inf, intent=balanced, mem_conf=0.50)
2026-03-03 01:37:43,144 - services.recommendation.main - INFO - [t_638e8891] Mix policy: only_cz_available (ratio=3:0, conf=1.00)
2026-03-03 01:37:43,145 - services.recommendation.main - INFO - [t_638e8891] Non-finite response fields sanitized count=3 sample=['mix_policy.inputs_used.delta', 'mix_policy.delta', 'decision_trace.mix_policy.components.delta']
2026-03-03 01:37:43,145 - services.recommendation.main - INFO - [t_638e8891] Response ready
INFO:     127.0.0.1:52079 - "POST /score HTTP/1.1" 200 OK
2026-03-03 01:40:57,529 - services.recommendation.main - INFO - [t_daf116f0] POST /score - user_id=step5_demo_user, city=tokyo, tags=['ramen'], intent=balanced, memory_confidence=1.0
2026-03-03 01:40:57,530 - services.recommendation.main - INFO - [t_daf116f0] Stage 1: Recall (CZ city-only, EZ global)
2026-03-03 01:40:57,538 - services.recommendation.db - INFO - Loaded 15 items for city: tokyo
2026-03-03 01:40:57,538 - services.recommendation.db - INFO - Title sanitization: changed=0 (city=tokyo)
2026-03-03 01:40:57,538 - services.recommendation.recall - INFO - Recall: CZ=15 (city-only), EZ=13 (city-only, excellence >= 0.8)
2026-03-03 01:40:57,539 - services.recommendation.main - INFO - [t_daf116f0] Recall: CZ=15 (city-only), EZ=13 (global)
2026-03-03 01:40:57,539 - services.recommendation.main - INFO - [t_daf116f0] Stage 2: Rerank (v1.3)
2026-03-03 01:40:57,574 - services.recommendation.rerank - INFO - Rerank: 10 CZ items (filtered 15 → 15), 0 EZ items
2026-03-03 01:40:57,574 - services.recommendation.rerank - INFO - Top 5 CZ memory_influence: [1.1871, 1.1859, 1.1851, 1.1933, 1.1693]
2026-03-03 01:40:57,574 - services.recommendation.main - INFO - [t_daf116f0] Rerank: 10 CZ, 0 EZ
2026-03-03 01:40:57,574 - services.recommendation.mix_policy - INFO - Mix policy: 3 CZ + 0 EZ (ratio=3:0, rule=only_cz_available, delta=inf, intent=balanced, mem_conf=1.00)
2026-03-03 01:40:57,574 - services.recommendation.main - INFO - [t_daf116f0] Mix policy: only_cz_available (ratio=3:0, conf=1.00)
2026-03-03 01:40:57,574 - services.recommendation.main - INFO - [t_daf116f0] Non-finite response fields sanitized count=3 sample=['mix_policy.inputs_used.delta', 'mix_policy.delta', 'decision_trace.mix_policy.components.delta']
2026-03-03 01:40:57,574 - services.recommendation.main - INFO - [t_daf116f0] Response ready
INFO:     127.0.0.1:52177 - "POST /score HTTP/1.1" 200 OK
2026-03-03 01:40:57,665 - services.recommendation.main - INFO - [t_5b8d7f4f] POST /score - user_id=step5_demo_user, city=tokyo, tags=['food', 'ramen'], intent=None, memory_confidence=None
2026-03-03 01:40:57,665 - services.recommendation.main - INFO - [t_5b8d7f4f] Stage 1: Recall (CZ city-only, EZ global)
2026-03-03 01:40:57,667 - services.recommendation.db - INFO - Loaded 15 items for city: tokyo
2026-03-03 01:40:57,667 - services.recommendation.db - INFO - Title sanitization: changed=0 (city=tokyo)
2026-03-03 01:40:57,667 - services.recommendation.recall - INFO - Recall: CZ=15 (city-only), EZ=13 (city-only, excellence >= 0.8)
2026-03-03 01:40:57,667 - services.recommendation.main - INFO - [t_5b8d7f4f] Recall: CZ=15 (city-only), EZ=13 (global)
2026-03-03 01:40:57,667 - services.recommendation.main - INFO - [t_5b8d7f4f] Stage 2: Rerank (v1.3)
2026-03-03 01:40:57,705 - services.recommendation.rerank - INFO - Rerank: 10 CZ items (filtered 15 → 15), 0 EZ items
2026-03-03 01:40:57,705 - services.recommendation.rerank - INFO - Top 5 CZ memory_influence: [1.1741, 1.1693, 1.1648, 1.1633, 1.1936]
2026-03-03 01:40:57,705 - services.recommendation.main - INFO - [t_5b8d7f4f] Rerank: 10 CZ, 0 EZ
2026-03-03 01:40:57,705 - services.recommendation.mix_policy - INFO - Mix policy: 3 CZ + 0 EZ (ratio=3:0, rule=only_cz_available, delta=inf, intent=balanced, mem_conf=0.50)
2026-03-03 01:40:57,705 - services.recommendation.main - INFO - [t_5b8d7f4f] Mix policy: only_cz_available (ratio=3:0, conf=1.00)
2026-03-03 01:40:57,705 - services.recommendation.main - INFO - [t_5b8d7f4f] Non-finite response fields sanitized count=3 sample=['mix_policy.inputs_used.delta', 'mix_policy.delta', 'decision_trace.mix_policy.components.delta']
2026-03-03 01:40:57,705 - services.recommendation.main - INFO - [t_5b8d7f4f] Response ready
INFO:     127.0.0.1:52210 - "POST /score HTTP/1.1" 200 OK
2026-03-03 01:41:08,451 - services.recommendation.main - INFO - [t_9cc0e329] POST /score - user_id=step5_demo_user, city=tokyo, tags=['ramen'], intent=balanced, memory_confidence=1.0
2026-03-03 01:41:08,451 - services.recommendation.main - INFO - [t_9cc0e329] Stage 1: Recall (CZ city-only, EZ global)
2026-03-03 01:41:08,460 - services.recommendation.db - INFO - Loaded 15 items for city: tokyo
2026-03-03 01:41:08,460 - services.recommendation.db - INFO - Title sanitization: changed=0 (city=tokyo)
2026-03-03 01:41:08,460 - services.recommendation.recall - INFO - Recall: CZ=15 (city-only), EZ=13 (city-only, excellence >= 0.8)
2026-03-03 01:41:08,460 - services.recommendation.main - INFO - [t_9cc0e329] Recall: CZ=15 (city-only), EZ=13 (global)
2026-03-03 01:41:08,460 - services.recommendation.main - INFO - [t_9cc0e329] Stage 2: Rerank (v1.3)
2026-03-03 01:41:08,496 - services.recommendation.rerank - INFO - Rerank: 10 CZ items (filtered 15 → 15), 0 EZ items
2026-03-03 01:41:08,496 - services.recommendation.rerank - INFO - Top 5 CZ memory_influence: [1.1871, 1.1859, 1.1851, 1.1933, 1.1693]
2026-03-03 01:41:08,496 - services.recommendation.main - INFO - [t_9cc0e329] Rerank: 10 CZ, 0 EZ
2026-03-03 01:41:08,496 - services.recommendation.mix_policy - INFO - Mix policy: 3 CZ + 0 EZ (ratio=3:0, rule=only_cz_available, delta=inf, intent=balanced, mem_conf=1.00)
2026-03-03 01:41:08,496 - services.recommendation.main - INFO - [t_9cc0e329] Mix policy: only_cz_available (ratio=3:0, conf=1.00)
2026-03-03 01:41:08,497 - services.recommendation.main - INFO - [t_9cc0e329] Non-finite response fields sanitized count=3 sample=['mix_policy.inputs_used.delta', 'mix_policy.delta', 'decision_trace.mix_policy.components.delta']
2026-03-03 01:41:08,497 - services.recommendation.main - INFO - [t_9cc0e329] Response ready
INFO:     127.0.0.1:52260 - "POST /score HTTP/1.1" 200 OK
2026-03-03 01:41:08,590 - services.recommendation.main - INFO - [t_e4e87c43] POST /score - user_id=step5_demo_user, city=tokyo, tags=['food', 'ramen'], intent=None, memory_confidence=None
2026-03-03 01:41:08,590 - services.recommendation.main - INFO - [t_e4e87c43] Stage 1: Recall (CZ city-only, EZ global)
2026-03-03 01:41:08,592 - services.recommendation.db - INFO - Loaded 15 items for city: tokyo
2026-03-03 01:41:08,592 - services.recommendation.db - INFO - Title sanitization: changed=0 (city=tokyo)
2026-03-03 01:41:08,592 - services.recommendation.recall - INFO - Recall: CZ=15 (city-only), EZ=13 (city-only, excellence >= 0.8)
2026-03-03 01:41:08,592 - services.recommendation.main - INFO - [t_e4e87c43] Recall: CZ=15 (city-only), EZ=13 (global)
2026-03-03 01:41:08,592 - services.recommendation.main - INFO - [t_e4e87c43] Stage 2: Rerank (v1.3)
2026-03-03 01:41:08,632 - services.recommendation.rerank - INFO - Rerank: 10 CZ items (filtered 15 → 15), 0 EZ items
2026-03-03 01:41:08,632 - services.recommendation.rerank - INFO - Top 5 CZ memory_influence: [1.1741, 1.1693, 1.1648, 1.1633, 1.1936]
2026-03-03 01:41:08,632 - services.recommendation.main - INFO - [t_e4e87c43] Rerank: 10 CZ, 0 EZ
2026-03-03 01:41:08,632 - services.recommendation.mix_policy - INFO - Mix policy: 3 CZ + 0 EZ (ratio=3:0, rule=only_cz_available, delta=inf, intent=balanced, mem_conf=0.50)
2026-03-03 01:41:08,632 - services.recommendation.main - INFO - [t_e4e87c43] Mix policy: only_cz_available (ratio=3:0, conf=1.00)
2026-03-03 01:41:08,632 - services.recommendation.main - INFO - [t_e4e87c43] Non-finite response fields sanitized count=3 sample=['mix_policy.inputs_used.delta', 'mix_policy.delta', 'decision_trace.mix_policy.components.delta']
2026-03-03 01:41:08,632 - services.recommendation.main - INFO - [t_e4e87c43] Response ready
INFO:     127.0.0.1:52293 - "POST /score HTTP/1.1" 200 OK
2026-03-03 01:41:13,939 - services.recommendation.main - INFO - [t_fcb9a8a7] POST /score - user_id=step5_demo_user, city=tokyo, tags=['ramen', 'street_food'], intent=balanced, memory_confidence=0.611986
2026-03-03 01:41:13,940 - services.recommendation.main - INFO - [t_fcb9a8a7] Stage 1: Recall (CZ city-only, EZ global)
2026-03-03 01:41:13,943 - services.recommendation.db - INFO - Loaded 15 items for city: tokyo
2026-03-03 01:41:13,943 - services.recommendation.db - INFO - Title sanitization: changed=0 (city=tokyo)
2026-03-03 01:41:13,943 - services.recommendation.recall - INFO - Recall: CZ=15 (city-only), EZ=13 (city-only, excellence >= 0.8)
2026-03-03 01:41:13,943 - services.recommendation.main - INFO - [t_fcb9a8a7] Recall: CZ=15 (city-only), EZ=13 (global)
2026-03-03 01:41:13,943 - services.recommendation.main - INFO - [t_fcb9a8a7] Stage 2: Rerank (v1.3)
2026-03-03 01:41:13,986 - services.recommendation.rerank - INFO - Rerank: 10 CZ items (filtered 15 → 15), 0 EZ items
2026-03-03 01:41:13,986 - services.recommendation.rerank - INFO - Top 5 CZ memory_influence: [1.1722, 1.1717, 1.1679, 1.1981, 1.1671]
2026-03-03 01:41:13,986 - services.recommendation.main - INFO - [t_fcb9a8a7] Rerank: 10 CZ, 0 EZ
2026-03-03 01:41:13,986 - services.recommendation.mix_policy - INFO - Mix policy: 3 CZ + 0 EZ (ratio=3:0, rule=only_cz_available, delta=inf, intent=balanced, mem_conf=0.61)
2026-03-03 01:41:13,986 - services.recommendation.main - INFO - [t_fcb9a8a7] Mix policy: only_cz_available (ratio=3:0, conf=1.00)
2026-03-03 01:41:13,986 - services.recommendation.main - INFO - [t_fcb9a8a7] Non-finite response fields sanitized count=3 sample=['mix_policy.inputs_used.delta', 'mix_policy.delta', 'decision_trace.mix_policy.components.delta']
2026-03-03 01:41:13,986 - services.recommendation.main - INFO - [t_fcb9a8a7] Response ready
INFO:     127.0.0.1:52340 - "POST /score HTTP/1.1" 200 OK
2026-03-03 01:41:14,079 - services.recommendation.main - INFO - [t_43c227e7] POST /score - user_id=step5_demo_user, city=tokyo, tags=['ramen'], intent=None, memory_confidence=None
2026-03-03 01:41:14,079 - services.recommendation.main - INFO - [t_43c227e7] Stage 1: Recall (CZ city-only, EZ global)
2026-03-03 01:41:14,081 - services.recommendation.db - INFO - Loaded 15 items for city: tokyo
2026-03-03 01:41:14,081 - services.recommendation.db - INFO - Title sanitization: changed=0 (city=tokyo)
2026-03-03 01:41:14,081 - services.recommendation.recall - INFO - Recall: CZ=15 (city-only), EZ=13 (city-only, excellence >= 0.8)
2026-03-03 01:41:14,081 - services.recommendation.main - INFO - [t_43c227e7] Recall: CZ=15 (city-only), EZ=13 (global)
2026-03-03 01:41:14,081 - services.recommendation.main - INFO - [t_43c227e7] Stage 2: Rerank (v1.3)
2026-03-03 01:41:14,121 - services.recommendation.rerank - INFO - Rerank: 10 CZ items (filtered 15 → 15), 0 EZ items
2026-03-03 01:41:14,121 - services.recommendation.rerank - INFO - Top 5 CZ memory_influence: [1.1871, 1.1859, 1.1851, 1.1933, 1.1693]
2026-03-03 01:41:14,121 - services.recommendation.main - INFO - [t_43c227e7] Rerank: 10 CZ, 0 EZ
2026-03-03 01:41:14,121 - services.recommendation.mix_policy - INFO - Mix policy: 3 CZ + 0 EZ (ratio=3:0, rule=only_cz_available, delta=inf, intent=balanced, mem_conf=0.50)
2026-03-03 01:41:14,121 - services.recommendation.main - INFO - [t_43c227e7] Mix policy: only_cz_available (ratio=3:0, conf=1.00)
2026-03-03 01:41:14,121 - services.recommendation.main - INFO - [t_43c227e7] Non-finite response fields sanitized count=3 sample=['mix_policy.inputs_used.delta', 'mix_policy.delta', 'decision_trace.mix_policy.components.delta']
2026-03-03 01:41:14,121 - services.recommendation.main - INFO - [t_43c227e7] Response ready
INFO:     127.0.0.1:52373 - "POST /score HTTP/1.1" 200 OK
2026-03-03 01:41:20,749 - services.recommendation.main - INFO - [t_8e39d2cc] POST /score - user_id=step5_demo_user, city=tokyo, tags=['ramen'], intent=balanced, memory_confidence=1.0
2026-03-03 01:41:20,749 - services.recommendation.main - INFO - [t_8e39d2cc] Stage 1: Recall (CZ city-only, EZ global)
2026-03-03 01:41:20,752 - services.recommendation.db - INFO - Loaded 15 items for city: tokyo
2026-03-03 01:41:20,752 - services.recommendation.db - INFO - Title sanitization: changed=0 (city=tokyo)
2026-03-03 01:41:20,752 - services.recommendation.recall - INFO - Recall: CZ=15 (city-only), EZ=13 (city-only, excellence >= 0.8)
2026-03-03 01:41:20,752 - services.recommendation.main - INFO - [t_8e39d2cc] Recall: CZ=15 (city-only), EZ=13 (global)
2026-03-03 01:41:20,752 - services.recommendation.main - INFO - [t_8e39d2cc] Stage 2: Rerank (v1.3)
2026-03-03 01:41:20,791 - services.recommendation.rerank - INFO - Rerank: 10 CZ items (filtered 15 → 15), 0 EZ items
2026-03-03 01:41:20,791 - services.recommendation.rerank - INFO - Top 5 CZ memory_influence: [1.1871, 1.1859, 1.1851, 1.1933, 1.1693]
2026-03-03 01:41:20,791 - services.recommendation.main - INFO - [t_8e39d2cc] Rerank: 10 CZ, 0 EZ
2026-03-03 01:41:20,791 - services.recommendation.mix_policy - INFO - Mix policy: 3 CZ + 0 EZ (ratio=3:0, rule=only_cz_available, delta=inf, intent=balanced, mem_conf=1.00)
2026-03-03 01:41:20,791 - services.recommendation.main - INFO - [t_8e39d2cc] Mix policy: only_cz_available (ratio=3:0, conf=1.00)
2026-03-03 01:41:20,791 - services.recommendation.main - INFO - [t_8e39d2cc] Non-finite response fields sanitized count=3 sample=['mix_policy.inputs_used.delta', 'mix_policy.delta', 'decision_trace.mix_policy.components.delta']
2026-03-03 01:41:20,791 - services.recommendation.main - INFO - [t_8e39d2cc] Response ready
INFO:     127.0.0.1:52419 - "POST /score HTTP/1.1" 200 OK
2026-03-03 01:41:20,886 - services.recommendation.main - INFO - [t_f0bf4e72] POST /score - user_id=step5_demo_user, city=tokyo, tags=['ramen'], intent=None, memory_confidence=None
2026-03-03 01:41:20,886 - services.recommendation.main - INFO - [t_f0bf4e72] Stage 1: Recall (CZ city-only, EZ global)
2026-03-03 01:41:20,889 - services.recommendation.db - INFO - Loaded 15 items for city: tokyo
2026-03-03 01:41:20,889 - services.recommendation.db - INFO - Title sanitization: changed=0 (city=tokyo)
2026-03-03 01:41:20,889 - services.recommendation.recall - INFO - Recall: CZ=15 (city-only), EZ=13 (city-only, excellence >= 0.8)
2026-03-03 01:41:20,889 - services.recommendation.main - INFO - [t_f0bf4e72] Recall: CZ=15 (city-only), EZ=13 (global)
2026-03-03 01:41:20,889 - services.recommendation.main - INFO - [t_f0bf4e72] Stage 2: Rerank (v1.3)
2026-03-03 01:41:20,927 - services.recommendation.rerank - INFO - Rerank: 10 CZ items (filtered 15 → 15), 0 EZ items
2026-03-03 01:41:20,927 - services.recommendation.rerank - INFO - Top 5 CZ memory_influence: [1.1871, 1.1859, 1.1851, 1.1933, 1.1693]
2026-03-03 01:41:20,927 - services.recommendation.main - INFO - [t_f0bf4e72] Rerank: 10 CZ, 0 EZ
2026-03-03 01:41:20,927 - services.recommendation.mix_policy - INFO - Mix policy: 3 CZ + 0 EZ (ratio=3:0, rule=only_cz_available, delta=inf, intent=balanced, mem_conf=0.50)
2026-03-03 01:41:20,927 - services.recommendation.main - INFO - [t_f0bf4e72] Mix policy: only_cz_available (ratio=3:0, conf=1.00)
2026-03-03 01:41:20,927 - services.recommendation.main - INFO - [t_f0bf4e72] Non-finite response fields sanitized count=3 sample=['mix_policy.inputs_used.delta', 'mix_policy.delta', 'decision_trace.mix_policy.components.delta']
2026-03-03 01:41:20,927 - services.recommendation.main - INFO - [t_f0bf4e72] Response ready
INFO:     127.0.0.1:52452 - "POST /score HTTP/1.1" 200 OK
2026-03-03 01:41:26,840 - services.recommendation.main - INFO - [t_d526471d] POST /score - user_id=step5_demo_user, city=tokyo, tags=['ramen', 'street_food'], intent=balanced, memory_confidence=0.611984
2026-03-03 01:41:26,840 - services.recommendation.main - INFO - [t_d526471d] Stage 1: Recall (CZ city-only, EZ global)
2026-03-03 01:41:26,842 - services.recommendation.db - INFO - Loaded 15 items for city: tokyo
2026-03-03 01:41:26,842 - services.recommendation.db - INFO - Title sanitization: changed=0 (city=tokyo)
2026-03-03 01:41:26,843 - services.recommendation.recall - INFO - Recall: CZ=15 (city-only), EZ=13 (city-only, excellence >= 0.8)
2026-03-03 01:41:26,843 - services.recommendation.main - INFO - [t_d526471d] Recall: CZ=15 (city-only), EZ=13 (global)
2026-03-03 01:41:26,843 - services.recommendation.main - INFO - [t_d526471d] Stage 2: Rerank (v1.3)
2026-03-03 01:41:26,884 - services.recommendation.rerank - INFO - Rerank: 10 CZ items (filtered 15 → 15), 0 EZ items
2026-03-03 01:41:26,884 - services.recommendation.rerank - INFO - Top 5 CZ memory_influence: [1.1722, 1.1717, 1.1679, 1.1981, 1.1671]
2026-03-03 01:41:26,884 - services.recommendation.main - INFO - [t_d526471d] Rerank: 10 CZ, 0 EZ
2026-03-03 01:41:26,884 - services.recommendation.mix_policy - INFO - Mix policy: 3 CZ + 0 EZ (ratio=3:0, rule=only_cz_available, delta=inf, intent=balanced, mem_conf=0.61)
2026-03-03 01:41:26,884 - services.recommendation.main - INFO - [t_d526471d] Mix policy: only_cz_available (ratio=3:0, conf=1.00)
2026-03-03 01:41:26,884 - services.recommendation.main - INFO - [t_d526471d] Non-finite response fields sanitized count=3 sample=['mix_policy.inputs_used.delta', 'mix_policy.delta', 'decision_trace.mix_policy.components.delta']
2026-03-03 01:41:26,884 - services.recommendation.main - INFO - [t_d526471d] Response ready
INFO:     127.0.0.1:52496 - "POST /score HTTP/1.1" 200 OK
2026-03-03 01:41:26,978 - services.recommendation.main - INFO - [t_1fd4aa88] POST /score - user_id=step5_demo_user, city=tokyo, tags=['ramen'], intent=None, memory_confidence=None
2026-03-03 01:41:26,978 - services.recommendation.main - INFO - [t_1fd4aa88] Stage 1: Recall (CZ city-only, EZ global)
2026-03-03 01:41:26,980 - services.recommendation.db - INFO - Loaded 15 items for city: tokyo
2026-03-03 01:41:26,980 - services.recommendation.db - INFO - Title sanitization: changed=0 (city=tokyo)
2026-03-03 01:41:26,980 - services.recommendation.recall - INFO - Recall: CZ=15 (city-only), EZ=13 (city-only, excellence >= 0.8)
2026-03-03 01:41:26,980 - services.recommendation.main - INFO - [t_1fd4aa88] Recall: CZ=15 (city-only), EZ=13 (global)
2026-03-03 01:41:26,980 - services.recommendation.main - INFO - [t_1fd4aa88] Stage 2: Rerank (v1.3)
2026-03-03 01:41:27,018 - services.recommendation.rerank - INFO - Rerank: 10 CZ items (filtered 15 → 15), 0 EZ items
2026-03-03 01:41:27,018 - services.recommendation.rerank - INFO - Top 5 CZ memory_influence: [1.1871, 1.1859, 1.1851, 1.1933, 1.1693]
2026-03-03 01:41:27,018 - services.recommendation.main - INFO - [t_1fd4aa88] Rerank: 10 CZ, 0 EZ
2026-03-03 01:41:27,018 - services.recommendation.mix_policy - INFO - Mix policy: 3 CZ + 0 EZ (ratio=3:0, rule=only_cz_available, delta=inf, intent=balanced, mem_conf=0.50)
2026-03-03 01:41:27,018 - services.recommendation.main - INFO - [t_1fd4aa88] Mix policy: only_cz_available (ratio=3:0, conf=1.00)
2026-03-03 01:41:27,018 - services.recommendation.main - INFO - [t_1fd4aa88] Non-finite response fields sanitized count=3 sample=['mix_policy.inputs_used.delta', 'mix_policy.delta', 'decision_trace.mix_policy.components.delta']
2026-03-03 01:41:27,018 - services.recommendation.main - INFO - [t_1fd4aa88] Response ready
INFO:     127.0.0.1:52529 - "POST /score HTTP/1.1" 200 OK
2026-03-03 01:41:32,418 - services.recommendation.main - INFO - [t_8d24edb0] POST /score - user_id=step5_demo_user, city=tokyo, tags=['ramen', 'street_food'], intent=balanced, memory_confidence=0.611983
2026-03-03 01:41:32,418 - services.recommendation.main - INFO - [t_8d24edb0] Stage 1: Recall (CZ city-only, EZ global)
2026-03-03 01:41:32,420 - services.recommendation.db - INFO - Loaded 15 items for city: tokyo
2026-03-03 01:41:32,420 - services.recommendation.db - INFO - Title sanitization: changed=0 (city=tokyo)
2026-03-03 01:41:32,420 - services.recommendation.recall - INFO - Recall: CZ=15 (city-only), EZ=13 (city-only, excellence >= 0.8)
2026-03-03 01:41:32,420 - services.recommendation.main - INFO - [t_8d24edb0] Recall: CZ=15 (city-only), EZ=13 (global)
2026-03-03 01:41:32,420 - services.recommendation.main - INFO - [t_8d24edb0] Stage 2: Rerank (v1.3)
2026-03-03 01:41:32,461 - services.recommendation.rerank - INFO - Rerank: 10 CZ items (filtered 15 → 15), 0 EZ items
2026-03-03 01:41:32,461 - services.recommendation.rerank - INFO - Top 5 CZ memory_influence: [1.1722, 1.1717, 1.1679, 1.1981, 1.1671]
2026-03-03 01:41:32,461 - services.recommendation.main - INFO - [t_8d24edb0] Rerank: 10 CZ, 0 EZ
2026-03-03 01:41:32,461 - services.recommendation.mix_policy - INFO - Mix policy: 3 CZ + 0 EZ (ratio=3:0, rule=only_cz_available, delta=inf, intent=balanced, mem_conf=0.61)
2026-03-03 01:41:32,461 - services.recommendation.main - INFO - [t_8d24edb0] Mix policy: only_cz_available (ratio=3:0, conf=1.00)
2026-03-03 01:41:32,461 - services.recommendation.main - INFO - [t_8d24edb0] Non-finite response fields sanitized count=3 sample=['mix_policy.inputs_used.delta', 'mix_policy.delta', 'decision_trace.mix_policy.components.delta']
2026-03-03 01:41:32,461 - services.recommendation.main - INFO - [t_8d24edb0] Response ready
INFO:     127.0.0.1:52572 - "POST /score HTTP/1.1" 200 OK
2026-03-03 01:41:32,556 - services.recommendation.main - INFO - [t_ff7f21d6] POST /score - user_id=step5_demo_user, city=tokyo, tags=['ramen'], intent=None, memory_confidence=None
2026-03-03 01:41:32,556 - services.recommendation.main - INFO - [t_ff7f21d6] Stage 1: Recall (CZ city-only, EZ global)
2026-03-03 01:41:32,558 - services.recommendation.db - INFO - Loaded 15 items for city: tokyo
2026-03-03 01:41:32,558 - services.recommendation.db - INFO - Title sanitization: changed=0 (city=tokyo)
2026-03-03 01:41:32,558 - services.recommendation.recall - INFO - Recall: CZ=15 (city-only), EZ=13 (city-only, excellence >= 0.8)
2026-03-03 01:41:32,558 - services.recommendation.main - INFO - [t_ff7f21d6] Recall: CZ=15 (city-only), EZ=13 (global)
2026-03-03 01:41:32,558 - services.recommendation.main - INFO - [t_ff7f21d6] Stage 2: Rerank (v1.3)
2026-03-03 01:41:32,596 - services.recommendation.rerank - INFO - Rerank: 10 CZ items (filtered 15 → 15), 0 EZ items
2026-03-03 01:41:32,596 - services.recommendation.rerank - INFO - Top 5 CZ memory_influence: [1.1871, 1.1859, 1.1851, 1.1933, 1.1693]
2026-03-03 01:41:32,596 - services.recommendation.main - INFO - [t_ff7f21d6] Rerank: 10 CZ, 0 EZ
2026-03-03 01:41:32,596 - services.recommendation.mix_policy - INFO - Mix policy: 3 CZ + 0 EZ (ratio=3:0, rule=only_cz_available, delta=inf, intent=balanced, mem_conf=0.50)
2026-03-03 01:41:32,596 - services.recommendation.main - INFO - [t_ff7f21d6] Mix policy: only_cz_available (ratio=3:0, conf=1.00)
2026-03-03 01:41:32,596 - services.recommendation.main - INFO - [t_ff7f21d6] Non-finite response fields sanitized count=3 sample=['mix_policy.inputs_used.delta', 'mix_policy.delta', 'decision_trace.mix_policy.components.delta']
2026-03-03 01:41:32,596 - services.recommendation.main - INFO - [t_ff7f21d6] Response ready
INFO:     127.0.0.1:52605 - "POST /score HTTP/1.1" 200 OK
2026-03-03 01:42:35,349 - services.recommendation.main - INFO - [t_ad264532] POST /score - user_id=step5_demo_user, city=tokyo, tags=['ramen'], intent=balanced, memory_confidence=1.0
2026-03-03 01:42:35,349 - services.recommendation.main - INFO - [t_ad264532] Stage 1: Recall (CZ city-only, EZ global)
2026-03-03 01:42:35,358 - services.recommendation.db - INFO - Loaded 15 items for city: tokyo
2026-03-03 01:42:35,358 - services.recommendation.db - INFO - Title sanitization: changed=0 (city=tokyo)
2026-03-03 01:42:35,358 - services.recommendation.recall - INFO - Recall: CZ=15 (city-only), EZ=13 (city-only, excellence >= 0.8)
2026-03-03 01:42:35,358 - services.recommendation.main - INFO - [t_ad264532] Recall: CZ=15 (city-only), EZ=13 (global)
2026-03-03 01:42:35,358 - services.recommendation.main - INFO - [t_ad264532] Stage 2: Rerank (v1.3)
2026-03-03 01:42:35,393 - services.recommendation.rerank - INFO - Rerank: 10 CZ items (filtered 15 → 15), 0 EZ items
2026-03-03 01:42:35,393 - services.recommendation.rerank - INFO - Top 5 CZ memory_influence: [1.1871, 1.1859, 1.1851, 1.1933, 1.1693]
2026-03-03 01:42:35,393 - services.recommendation.main - INFO - [t_ad264532] Rerank: 10 CZ, 0 EZ
2026-03-03 01:42:35,393 - services.recommendation.mix_policy - INFO - Mix policy: 3 CZ + 0 EZ (ratio=3:0, rule=only_cz_available, delta=inf, intent=balanced, mem_conf=1.00)
2026-03-03 01:42:35,393 - services.recommendation.main - INFO - [t_ad264532] Mix policy: only_cz_available (ratio=3:0, conf=1.00)
2026-03-03 01:42:35,393 - services.recommendation.main - INFO - [t_ad264532] Non-finite response fields sanitized count=3 sample=['mix_policy.inputs_used.delta', 'mix_policy.delta', 'decision_trace.mix_policy.components.delta']
2026-03-03 01:42:35,393 - services.recommendation.main - INFO - [t_ad264532] Response ready
INFO:     127.0.0.1:52662 - "POST /score HTTP/1.1" 200 OK
2026-03-03 01:42:35,489 - services.recommendation.main - INFO - [t_09046ce9] POST /score - user_id=step5_demo_user, city=tokyo, tags=['food', 'ramen'], intent=None, memory_confidence=None
2026-03-03 01:42:35,489 - services.recommendation.main - INFO - [t_09046ce9] Stage 1: Recall (CZ city-only, EZ global)
2026-03-03 01:42:35,491 - services.recommendation.db - INFO - Loaded 15 items for city: tokyo
2026-03-03 01:42:35,491 - services.recommendation.db - INFO - Title sanitization: changed=0 (city=tokyo)
2026-03-03 01:42:35,491 - services.recommendation.recall - INFO - Recall: CZ=15 (city-only), EZ=13 (city-only, excellence >= 0.8)
2026-03-03 01:42:35,491 - services.recommendation.main - INFO - [t_09046ce9] Recall: CZ=15 (city-only), EZ=13 (global)
2026-03-03 01:42:35,491 - services.recommendation.main - INFO - [t_09046ce9] Stage 2: Rerank (v1.3)
2026-03-03 01:42:35,530 - services.recommendation.rerank - INFO - Rerank: 10 CZ items (filtered 15 → 15), 0 EZ items
2026-03-03 01:42:35,530 - services.recommendation.rerank - INFO - Top 5 CZ memory_influence: [1.1741, 1.1693, 1.1648, 1.1633, 1.1936]
2026-03-03 01:42:35,530 - services.recommendation.main - INFO - [t_09046ce9] Rerank: 10 CZ, 0 EZ
2026-03-03 01:42:35,531 - services.recommendation.mix_policy - INFO - Mix policy: 3 CZ + 0 EZ (ratio=3:0, rule=only_cz_available, delta=inf, intent=balanced, mem_conf=0.50)
2026-03-03 01:42:35,531 - services.recommendation.main - INFO - [t_09046ce9] Mix policy: only_cz_available (ratio=3:0, conf=1.00)
2026-03-03 01:42:35,531 - services.recommendation.main - INFO - [t_09046ce9] Non-finite response fields sanitized count=3 sample=['mix_policy.inputs_used.delta', 'mix_policy.delta', 'decision_trace.mix_policy.components.delta']
2026-03-03 01:42:35,531 - services.recommendation.main - INFO - [t_09046ce9] Response ready
INFO:     127.0.0.1:52695 - "POST /score HTTP/1.1" 200 OK
2026-03-03 01:42:43,394 - services.recommendation.main - INFO - [t_edecf481] POST /score - user_id=step5_demo_user, city=tokyo, tags=['ramen'], intent=balanced, memory_confidence=1.0
2026-03-03 01:42:43,394 - services.recommendation.main - INFO - [t_edecf481] Stage 1: Recall (CZ city-only, EZ global)
2026-03-03 01:42:43,396 - services.recommendation.db - INFO - Loaded 15 items for city: tokyo
2026-03-03 01:42:43,396 - services.recommendation.db - INFO - Title sanitization: changed=0 (city=tokyo)
2026-03-03 01:42:43,396 - services.recommendation.recall - INFO - Recall: CZ=15 (city-only), EZ=13 (city-only, excellence >= 0.8)
2026-03-03 01:42:43,397 - services.recommendation.main - INFO - [t_edecf481] Recall: CZ=15 (city-only), EZ=13 (global)
2026-03-03 01:42:43,397 - services.recommendation.main - INFO - [t_edecf481] Stage 2: Rerank (v1.3)
2026-03-03 01:42:43,434 - services.recommendation.rerank - INFO - Rerank: 10 CZ items (filtered 15 → 15), 0 EZ items
2026-03-03 01:42:43,434 - services.recommendation.rerank - INFO - Top 5 CZ memory_influence: [1.1871, 1.1859, 1.1851, 1.1933, 1.1693]
2026-03-03 01:42:43,434 - services.recommendation.main - INFO - [t_edecf481] Rerank: 10 CZ, 0 EZ
2026-03-03 01:42:43,434 - services.recommendation.mix_policy - INFO - Mix policy: 3 CZ + 0 EZ (ratio=3:0, rule=only_cz_available, delta=inf, intent=balanced, mem_conf=1.00)
2026-03-03 01:42:43,434 - services.recommendation.main - INFO - [t_edecf481] Mix policy: only_cz_available (ratio=3:0, conf=1.00)
2026-03-03 01:42:43,434 - services.recommendation.main - INFO - [t_edecf481] Non-finite response fields sanitized count=3 sample=['mix_policy.inputs_used.delta', 'mix_policy.delta', 'decision_trace.mix_policy.components.delta']
2026-03-03 01:42:43,434 - services.recommendation.main - INFO - [t_edecf481] Response ready
INFO:     127.0.0.1:52742 - "POST /score HTTP/1.1" 200 OK
2026-03-03 01:42:43,529 - services.recommendation.main - INFO - [t_9c688291] POST /score - user_id=step5_demo_user, city=tokyo, tags=['food', 'ramen'], intent=None, memory_confidence=None
2026-03-03 01:42:43,529 - services.recommendation.main - INFO - [t_9c688291] Stage 1: Recall (CZ city-only, EZ global)
2026-03-03 01:42:43,531 - services.recommendation.db - INFO - Loaded 15 items for city: tokyo
2026-03-03 01:42:43,531 - services.recommendation.db - INFO - Title sanitization: changed=0 (city=tokyo)
2026-03-03 01:42:43,531 - services.recommendation.recall - INFO - Recall: CZ=15 (city-only), EZ=13 (city-only, excellence >= 0.8)
2026-03-03 01:42:43,531 - services.recommendation.main - INFO - [t_9c688291] Recall: CZ=15 (city-only), EZ=13 (global)
2026-03-03 01:42:43,531 - services.recommendation.main - INFO - [t_9c688291] Stage 2: Rerank (v1.3)
2026-03-03 01:42:43,573 - services.recommendation.rerank - INFO - Rerank: 10 CZ items (filtered 15 → 15), 0 EZ items
2026-03-03 01:42:43,573 - services.recommendation.rerank - INFO - Top 5 CZ memory_influence: [1.1741, 1.1693, 1.1648, 1.1633, 1.1936]
2026-03-03 01:42:43,573 - services.recommendation.main - INFO - [t_9c688291] Rerank: 10 CZ, 0 EZ
2026-03-03 01:42:43,573 - services.recommendation.mix_policy - INFO - Mix policy: 3 CZ + 0 EZ (ratio=3:0, rule=only_cz_available, delta=inf, intent=balanced, mem_conf=0.50)
2026-03-03 01:42:43,573 - services.recommendation.main - INFO - [t_9c688291] Mix policy: only_cz_available (ratio=3:0, conf=1.00)
2026-03-03 01:42:43,573 - services.recommendation.main - INFO - [t_9c688291] Non-finite response fields sanitized count=3 sample=['mix_policy.inputs_used.delta', 'mix_policy.delta', 'decision_trace.mix_policy.components.delta']
2026-03-03 01:42:43,573 - services.recommendation.main - INFO - [t_9c688291] Response ready
INFO:     127.0.0.1:52775 - "POST /score HTTP/1.1" 200 OK
2026-03-03 01:42:49,114 - services.recommendation.main - INFO - [t_717bbc94] POST /score - user_id=step5_demo_user, city=tokyo, tags=['ramen'], intent=balanced, memory_confidence=1.0
2026-03-03 01:42:49,115 - services.recommendation.main - INFO - [t_717bbc94] Stage 1: Recall (CZ city-only, EZ global)
2026-03-03 01:42:49,118 - services.recommendation.db - INFO - Loaded 15 items for city: tokyo
2026-03-03 01:42:49,118 - services.recommendation.db - INFO - Title sanitization: changed=0 (city=tokyo)
2026-03-03 01:42:49,119 - services.recommendation.recall - INFO - Recall: CZ=15 (city-only), EZ=13 (city-only, excellence >= 0.8)
2026-03-03 01:42:49,119 - services.recommendation.main - INFO - [t_717bbc94] Recall: CZ=15 (city-only), EZ=13 (global)
2026-03-03 01:42:49,119 - services.recommendation.main - INFO - [t_717bbc94] Stage 2: Rerank (v1.3)
2026-03-03 01:42:49,154 - services.recommendation.rerank - INFO - Rerank: 10 CZ items (filtered 15 → 15), 0 EZ items
2026-03-03 01:42:49,154 - services.recommendation.rerank - INFO - Top 5 CZ memory_influence: [1.1871, 1.1859, 1.1851, 1.1933, 1.1693]
2026-03-03 01:42:49,154 - services.recommendation.main - INFO - [t_717bbc94] Rerank: 10 CZ, 0 EZ
2026-03-03 01:42:49,154 - services.recommendation.mix_policy - INFO - Mix policy: 3 CZ + 0 EZ (ratio=3:0, rule=only_cz_available, delta=inf, intent=balanced, mem_conf=1.00)
2026-03-03 01:42:49,154 - services.recommendation.main - INFO - [t_717bbc94] Mix policy: only_cz_available (ratio=3:0, conf=1.00)
2026-03-03 01:42:49,154 - services.recommendation.main - INFO - [t_717bbc94] Non-finite response fields sanitized count=3 sample=['mix_policy.inputs_used.delta', 'mix_policy.delta', 'decision_trace.mix_policy.components.delta']
2026-03-03 01:42:49,154 - services.recommendation.main - INFO - [t_717bbc94] Response ready
INFO:     127.0.0.1:52820 - "POST /score HTTP/1.1" 200 OK
2026-03-03 01:42:49,249 - services.recommendation.main - INFO - [t_ec59e284] POST /score - user_id=step5_demo_user, city=tokyo, tags=['ramen'], intent=None, memory_confidence=None
2026-03-03 01:42:49,249 - services.recommendation.main - INFO - [t_ec59e284] Stage 1: Recall (CZ city-only, EZ global)
2026-03-03 01:42:49,251 - services.recommendation.db - INFO - Loaded 15 items for city: tokyo
2026-03-03 01:42:49,251 - services.recommendation.db - INFO - Title sanitization: changed=0 (city=tokyo)
2026-03-03 01:42:49,251 - services.recommendation.recall - INFO - Recall: CZ=15 (city-only), EZ=13 (city-only, excellence >= 0.8)
2026-03-03 01:42:49,251 - services.recommendation.main - INFO - [t_ec59e284] Recall: CZ=15 (city-only), EZ=13 (global)
2026-03-03 01:42:49,251 - services.recommendation.main - INFO - [t_ec59e284] Stage 2: Rerank (v1.3)
2026-03-03 01:42:49,288 - services.recommendation.rerank - INFO - Rerank: 10 CZ items (filtered 15 → 15), 0 EZ items
2026-03-03 01:42:49,288 - services.recommendation.rerank - INFO - Top 5 CZ memory_influence: [1.1871, 1.1859, 1.1851, 1.1933, 1.1693]
2026-03-03 01:42:49,288 - services.recommendation.main - INFO - [t_ec59e284] Rerank: 10 CZ, 0 EZ
2026-03-03 01:42:49,288 - services.recommendation.mix_policy - INFO - Mix policy: 3 CZ + 0 EZ (ratio=3:0, rule=only_cz_available, delta=inf, intent=balanced, mem_conf=0.50)
2026-03-03 01:42:49,288 - services.recommendation.main - INFO - [t_ec59e284] Mix policy: only_cz_available (ratio=3:0, conf=1.00)
2026-03-03 01:42:49,288 - services.recommendation.main - INFO - [t_ec59e284] Non-finite response fields sanitized count=3 sample=['mix_policy.inputs_used.delta', 'mix_policy.delta', 'decision_trace.mix_policy.components.delta']
2026-03-03 01:42:49,288 - services.recommendation.main - INFO - [t_ec59e284] Response ready
INFO:     127.0.0.1:52853 - "POST /score HTTP/1.1" 200 OK
2026-03-03 01:42:54,292 - services.recommendation.main - INFO - [t_53bdba9d] POST /score - user_id=step5_demo_user, city=tokyo, tags=['ramen', 'street_food'], intent=balanced, memory_confidence=0.611992
2026-03-03 01:42:54,292 - services.recommendation.main - INFO - [t_53bdba9d] Stage 1: Recall (CZ city-only, EZ global)
2026-03-03 01:42:54,293 - services.recommendation.db - INFO - Loaded 15 items for city: tokyo
2026-03-03 01:42:54,294 - services.recommendation.db - INFO - Title sanitization: changed=0 (city=tokyo)
2026-03-03 01:42:54,294 - services.recommendation.recall - INFO - Recall: CZ=15 (city-only), EZ=13 (city-only, excellence >= 0.8)
2026-03-03 01:42:54,294 - services.recommendation.main - INFO - [t_53bdba9d] Recall: CZ=15 (city-only), EZ=13 (global)
2026-03-03 01:42:54,294 - services.recommendation.main - INFO - [t_53bdba9d] Stage 2: Rerank (v1.3)
2026-03-03 01:42:54,335 - services.recommendation.rerank - INFO - Rerank: 10 CZ items (filtered 15 → 15), 0 EZ items
2026-03-03 01:42:54,335 - services.recommendation.rerank - INFO - Top 5 CZ memory_influence: [1.1722, 1.1717, 1.1679, 1.1981, 1.1671]
2026-03-03 01:42:54,335 - services.recommendation.main - INFO - [t_53bdba9d] Rerank: 10 CZ, 0 EZ
2026-03-03 01:42:54,335 - services.recommendation.mix_policy - INFO - Mix policy: 3 CZ + 0 EZ (ratio=3:0, rule=only_cz_available, delta=inf, intent=balanced, mem_conf=0.61)
2026-03-03 01:42:54,335 - services.recommendation.main - INFO - [t_53bdba9d] Mix policy: only_cz_available (ratio=3:0, conf=1.00)
2026-03-03 01:42:54,335 - services.recommendation.main - INFO - [t_53bdba9d] Non-finite response fields sanitized count=3 sample=['mix_policy.inputs_used.delta', 'mix_policy.delta', 'decision_trace.mix_policy.components.delta']
2026-03-03 01:42:54,335 - services.recommendation.main - INFO - [t_53bdba9d] Response ready
INFO:     127.0.0.1:52899 - "POST /score HTTP/1.1" 200 OK
2026-03-03 01:42:54,428 - services.recommendation.main - INFO - [t_3dc30fe9] POST /score - user_id=step5_demo_user, city=tokyo, tags=['ramen'], intent=None, memory_confidence=None
2026-03-03 01:42:54,428 - services.recommendation.main - INFO - [t_3dc30fe9] Stage 1: Recall (CZ city-only, EZ global)
2026-03-03 01:42:54,430 - services.recommendation.db - INFO - Loaded 15 items for city: tokyo
2026-03-03 01:42:54,431 - services.recommendation.db - INFO - Title sanitization: changed=0 (city=tokyo)
2026-03-03 01:42:54,431 - services.recommendation.recall - INFO - Recall: CZ=15 (city-only), EZ=13 (city-only, excellence >= 0.8)
2026-03-03 01:42:54,431 - services.recommendation.main - INFO - [t_3dc30fe9] Recall: CZ=15 (city-only), EZ=13 (global)
2026-03-03 01:42:54,431 - services.recommendation.main - INFO - [t_3dc30fe9] Stage 2: Rerank (v1.3)
2026-03-03 01:42:54,465 - services.recommendation.rerank - INFO - Rerank: 10 CZ items (filtered 15 → 15), 0 EZ items
2026-03-03 01:42:54,465 - services.recommendation.rerank - INFO - Top 5 CZ memory_influence: [1.1871, 1.1859, 1.1851, 1.1933, 1.1693]
2026-03-03 01:42:54,465 - services.recommendation.main - INFO - [t_3dc30fe9] Rerank: 10 CZ, 0 EZ
2026-03-03 01:42:54,465 - services.recommendation.mix_policy - INFO - Mix policy: 3 CZ + 0 EZ (ratio=3:0, rule=only_cz_available, delta=inf, intent=balanced, mem_conf=0.50)
2026-03-03 01:42:54,465 - services.recommendation.main - INFO - [t_3dc30fe9] Mix policy: only_cz_available (ratio=3:0, conf=1.00)
2026-03-03 01:42:54,465 - services.recommendation.main - INFO - [t_3dc30fe9] Non-finite response fields sanitized count=3 sample=['mix_policy.inputs_used.delta', 'mix_policy.delta', 'decision_trace.mix_policy.components.delta']
2026-03-03 01:42:54,465 - services.recommendation.main - INFO - [t_3dc30fe9] Response ready
INFO:     127.0.0.1:52932 - "POST /score HTTP/1.1" 200 OK
2026-03-03 01:43:00,010 - services.recommendation.main - INFO - [t_994253f2] POST /score - user_id=step5_demo_user, city=tokyo, tags=['ramen'], intent=balanced, memory_confidence=1.0
2026-03-03 01:43:00,010 - services.recommendation.main - INFO - [t_994253f2] Stage 1: Recall (CZ city-only, EZ global)
2026-03-03 01:43:00,013 - services.recommendation.db - INFO - Loaded 15 items for city: tokyo
2026-03-03 01:43:00,013 - services.recommendation.db - INFO - Title sanitization: changed=0 (city=tokyo)
2026-03-03 01:43:00,013 - services.recommendation.recall - INFO - Recall: CZ=15 (city-only), EZ=13 (city-only, excellence >= 0.8)
2026-03-03 01:43:00,013 - services.recommendation.main - INFO - [t_994253f2] Recall: CZ=15 (city-only), EZ=13 (global)
2026-03-03 01:43:00,013 - services.recommendation.main - INFO - [t_994253f2] Stage 2: Rerank (v1.3)
2026-03-03 01:43:00,051 - services.recommendation.rerank - INFO - Rerank: 10 CZ items (filtered 15 → 15), 0 EZ items
2026-03-03 01:43:00,051 - services.recommendation.rerank - INFO - Top 5 CZ memory_influence: [1.1871, 1.1859, 1.1851, 1.1933, 1.1693]
2026-03-03 01:43:00,051 - services.recommendation.main - INFO - [t_994253f2] Rerank: 10 CZ, 0 EZ
2026-03-03 01:43:00,051 - services.recommendation.mix_policy - INFO - Mix policy: 3 CZ + 0 EZ (ratio=3:0, rule=only_cz_available, delta=inf, intent=balanced, mem_conf=1.00)
2026-03-03 01:43:00,051 - services.recommendation.main - INFO - [t_994253f2] Mix policy: only_cz_available (ratio=3:0, conf=1.00)
2026-03-03 01:43:00,051 - services.recommendation.main - INFO - [t_994253f2] Non-finite response fields sanitized count=3 sample=['mix_policy.inputs_used.delta', 'mix_policy.delta', 'decision_trace.mix_policy.components.delta']
2026-03-03 01:43:00,051 - services.recommendation.main - INFO - [t_994253f2] Response ready
INFO:     127.0.0.1:52976 - "POST /score HTTP/1.1" 200 OK
2026-03-03 01:43:00,145 - services.recommendation.main - INFO - [t_d587720e] POST /score - user_id=step5_demo_user, city=tokyo, tags=['ramen'], intent=None, memory_confidence=None
2026-03-03 01:43:00,145 - services.recommendation.main - INFO - [t_d587720e] Stage 1: Recall (CZ city-only, EZ global)
2026-03-03 01:43:00,147 - services.recommendation.db - INFO - Loaded 15 items for city: tokyo
2026-03-03 01:43:00,147 - services.recommendation.db - INFO - Title sanitization: changed=0 (city=tokyo)
2026-03-03 01:43:00,147 - services.recommendation.recall - INFO - Recall: CZ=15 (city-only), EZ=13 (city-only, excellence >= 0.8)
2026-03-03 01:43:00,147 - services.recommendation.main - INFO - [t_d587720e] Recall: CZ=15 (city-only), EZ=13 (global)
2026-03-03 01:43:00,147 - services.recommendation.main - INFO - [t_d587720e] Stage 2: Rerank (v1.3)
2026-03-03 01:43:00,187 - services.recommendation.rerank - INFO - Rerank: 10 CZ items (filtered 15 → 15), 0 EZ items
2026-03-03 01:43:00,187 - services.recommendation.rerank - INFO - Top 5 CZ memory_influence: [1.1871, 1.1859, 1.1851, 1.1933, 1.1693]
2026-03-03 01:43:00,187 - services.recommendation.main - INFO - [t_d587720e] Rerank: 10 CZ, 0 EZ
2026-03-03 01:43:00,187 - services.recommendation.mix_policy - INFO - Mix policy: 3 CZ + 0 EZ (ratio=3:0, rule=only_cz_available, delta=inf, intent=balanced, mem_conf=0.50)
2026-03-03 01:43:00,187 - services.recommendation.main - INFO - [t_d587720e] Mix policy: only_cz_available (ratio=3:0, conf=1.00)
2026-03-03 01:43:00,187 - services.recommendation.main - INFO - [t_d587720e] Non-finite response fields sanitized count=3 sample=['mix_policy.inputs_used.delta', 'mix_policy.delta', 'decision_trace.mix_policy.components.delta']
2026-03-03 01:43:00,187 - services.recommendation.main - INFO - [t_d587720e] Response ready
INFO:     127.0.0.1:53009 - "POST /score HTTP/1.1" 200 OK
2026-03-03 01:43:04,816 - services.recommendation.main - INFO - [t_606df21a] POST /score - user_id=step5_demo_user, city=tokyo, tags=['ramen'], intent=balanced, memory_confidence=1.0
2026-03-03 01:43:04,816 - services.recommendation.main - INFO - [t_606df21a] Stage 1: Recall (CZ city-only, EZ global)
2026-03-03 01:43:04,818 - services.recommendation.db - INFO - Loaded 15 items for city: tokyo
2026-03-03 01:43:04,818 - services.recommendation.db - INFO - Title sanitization: changed=0 (city=tokyo)
2026-03-03 01:43:04,818 - services.recommendation.recall - INFO - Recall: CZ=15 (city-only), EZ=13 (city-only, excellence >= 0.8)
2026-03-03 01:43:04,818 - services.recommendation.main - INFO - [t_606df21a] Recall: CZ=15 (city-only), EZ=13 (global)
2026-03-03 01:43:04,818 - services.recommendation.main - INFO - [t_606df21a] Stage 2: Rerank (v1.3)
2026-03-03 01:43:04,856 - services.recommendation.rerank - INFO - Rerank: 10 CZ items (filtered 15 → 15), 0 EZ items
2026-03-03 01:43:04,856 - services.recommendation.rerank - INFO - Top 5 CZ memory_influence: [1.1871, 1.1859, 1.1851, 1.1933, 1.1693]
2026-03-03 01:43:04,856 - services.recommendation.main - INFO - [t_606df21a] Rerank: 10 CZ, 0 EZ
2026-03-03 01:43:04,856 - services.recommendation.mix_policy - INFO - Mix policy: 3 CZ + 0 EZ (ratio=3:0, rule=only_cz_available, delta=inf, intent=balanced, mem_conf=1.00)
2026-03-03 01:43:04,856 - services.recommendation.main - INFO - [t_606df21a] Mix policy: only_cz_available (ratio=3:0, conf=1.00)
2026-03-03 01:43:04,856 - services.recommendation.main - INFO - [t_606df21a] Non-finite response fields sanitized count=3 sample=['mix_policy.inputs_used.delta', 'mix_policy.delta', 'decision_trace.mix_policy.components.delta']
2026-03-03 01:43:04,856 - services.recommendation.main - INFO - [t_606df21a] Response ready
INFO:     127.0.0.1:52976 - "POST /score HTTP/1.1" 200 OK
2026-03-03 01:43:04,949 - services.recommendation.main - INFO - [t_10468a7b] POST /score - user_id=step5_demo_user, city=tokyo, tags=['ramen'], intent=None, memory_confidence=None
2026-03-03 01:43:04,949 - services.recommendation.main - INFO - [t_10468a7b] Stage 1: Recall (CZ city-only, EZ global)
2026-03-03 01:43:04,951 - services.recommendation.db - INFO - Loaded 15 items for city: tokyo
2026-03-03 01:43:04,951 - services.recommendation.db - INFO - Title sanitization: changed=0 (city=tokyo)
2026-03-03 01:43:04,951 - services.recommendation.recall - INFO - Recall: CZ=15 (city-only), EZ=13 (city-only, excellence >= 0.8)
2026-03-03 01:43:04,951 - services.recommendation.main - INFO - [t_10468a7b] Recall: CZ=15 (city-only), EZ=13 (global)
2026-03-03 01:43:04,951 - services.recommendation.main - INFO - [t_10468a7b] Stage 2: Rerank (v1.3)
2026-03-03 01:43:04,989 - services.recommendation.rerank - INFO - Rerank: 10 CZ items (filtered 15 → 15), 0 EZ items
2026-03-03 01:43:04,989 - services.recommendation.rerank - INFO - Top 5 CZ memory_influence: [1.1871, 1.1859, 1.1851, 1.1933, 1.1693]
2026-03-03 01:43:04,989 - services.recommendation.main - INFO - [t_10468a7b] Rerank: 10 CZ, 0 EZ
2026-03-03 01:43:04,989 - services.recommendation.mix_policy - INFO - Mix policy: 3 CZ + 0 EZ (ratio=3:0, rule=only_cz_available, delta=inf, intent=balanced, mem_conf=0.50)
2026-03-03 01:43:04,989 - services.recommendation.main - INFO - [t_10468a7b] Mix policy: only_cz_available (ratio=3:0, conf=1.00)
2026-03-03 01:43:04,990 - services.recommendation.main - INFO - [t_10468a7b] Non-finite response fields sanitized count=3 sample=['mix_policy.inputs_used.delta', 'mix_policy.delta', 'decision_trace.mix_policy.components.delta']
2026-03-03 01:43:04,990 - services.recommendation.main - INFO - [t_10468a7b] Response ready
INFO:     127.0.0.1:53081 - "POST /score HTTP/1.1" 200 OK
